dataset,model,seed,train_mse,test_mse,train_r2,test_r2,train_mae,test_mae,fit_time_s,predict_time_s
scaling,Ridge,42,6.751351823721082,6.313619491915644,0.6669795982105395,0.6917052572018452,2.0636497156049693,2.0183178641041697,0.001577500021085143,0.0001878999755717814
scaling,CART,42,8.979770502371847,10.711964656354874,0.5570595550701428,0.47693357307602946,2.362005846518198,2.609111960190399,0.01004840002860874,0.0015217000036500394
scaling,RandomForest,42,5.988154961011131,6.876316577001153,0.7046254108567008,0.6642286958820129,1.8964964018216786,2.0390978127239006,0.8110169000574388,0.010267700010444969
scaling,GradientBoosting,42,0.3144104309694994,0.6074490106184716,0.9844912410459228,0.9703381971733628,0.4450820254305195,0.6080670960371423,1.565531199972611,0.0015161000192165375
scaling,RHM (original),42,3.287400981495935,3.28015866576698,0.8378440904450677,0.8398294871120052,1.4311819925120457,1.4165041659413127,1.543251600000076,1.655122299969662
scaling,"ACGMT (top1, no-std)",42,3.287400981495935,3.28015866576698,0.8378440904450677,0.8398294871120052,1.4311819925120457,1.4165041659413127,0.3933993999962695,0.0023740999749861658
scaling,"ACGMT (top3, std)",42,2.4631639945882764,2.5754405269353295,0.8785007973856395,0.8742409522999997,1.2342089271084604,1.2792471704934674,1.1359911999898031,0.0020396000472828746
scaling,ACGMT (full),42,2.4479193723697934,2.491871136829002,0.8792527608958938,0.8783216549241629,1.2297085326747024,1.251071099406262,1.900479700008873,0.0024542000028304756
scaling,Ridge,123,6.702918498271789,6.69090350041991,0.6842220322929957,0.674753696143954,2.065101399682072,2.0201623850761794,0.001940299989655614,0.00029639998683705926
scaling,CART,123,9.215076161270941,11.047381647511,0.5658729815644241,0.4629843267184215,2.407817221976205,2.6466889574940935,0.014987299975473434,0.00044949998846277595
scaling,RandomForest,123,6.108003980215493,7.049155307349275,0.712248763860692,0.6573389963136227,1.9139276836602233,2.071906289665677,1.2355015999637544,0.016359300003387034
scaling,GradientBoosting,123,0.29067993565294586,0.6286556256272844,0.9863059174362099,0.969440910540594,0.429887694630573,0.6169701852092451,1.7335036000004038,0.003257300006225705
scaling,RHM (original),123,2.729707329647104,2.8255218859832727,0.8714020716180392,0.8626507541436296,1.2896135587406874,1.3116751426752662,1.2932760000112467,1.677038999972865
scaling,"ACGMT (top1, no-std)",123,2.729707329647104,2.8255218859832723,0.8714020716180392,0.8626507541436296,1.2896135587406874,1.3116751426752662,0.4158301000134088,0.0017584000015631318
scaling,"ACGMT (top3, std)",123,2.652539662822505,2.6060228876257034,0.8750374804341908,0.8733206491602628,1.2878063529379065,1.2778720833805497,1.2029041000059806,0.002328899980057031
scaling,ACGMT (full),123,2.6764581663573033,2.60751356617654,0.8739106673245344,0.8732481869451274,1.2895549241122826,1.2734986951045684,1.9141559000127017,0.002626200031954795
scaling,Ridge,456,6.968537079497419,6.443247317028026,0.6608282798729391,0.691880875941025,2.1126332040372335,2.014818240981082,0.0017121999990195036,0.00016840000171214342
scaling,CART,456,9.180386426539455,10.400193014428645,0.5531734393892218,0.5026578673798117,2.4059682497020853,2.5769265680235924,0.013642699981573969,0.00035879999632015824
scaling,RandomForest,456,6.255512203707431,6.773789838632505,0.6955325328396917,0.6760741767395432,1.9514456369788449,2.0428062677007457,1.2130545999971218,0.028541000036057085
scaling,GradientBoosting,456,0.3029873185642794,0.5919049634078566,0.9852530410842638,0.9716948256247425,0.44244165794174994,0.5998732555693389,1.6335887999739498,0.001899199967738241
scaling,RHM (original),456,3.040273639842615,2.960557420813285,0.8520242013038481,0.8584247485244683,1.352119615812284,1.3554519622179118,0.9736524000181817,1.5341421999619342
scaling,"ACGMT (top1, no-std)",456,3.0402736398426153,2.9605574208132857,0.8520242013038481,0.8584247485244683,1.3521196158122837,1.3554519622179118,0.457157599972561,0.004466000013053417
scaling,"ACGMT (top3, std)",456,3.1393796701825605,3.151983348493741,0.84720052563105,0.8492706704242527,1.4012623601741172,1.3951392161942167,0.9550425999914296,0.00250990001950413
scaling,ACGMT (full),456,2.776017496460765,2.7545646636807346,0.8648860415556086,0.8682754192759133,1.310899185133371,1.3047248408578607,2.1396185000194237,0.004306000017095357
scaling,Ridge,789,6.95188728309069,6.914365810201264,0.6825984175634732,0.6601607056603813,2.0978022901365914,2.0731508149658593,0.0027993000112473965,0.00028849998489022255
scaling,CART,789,9.464100609578825,9.96760617221296,0.567898559413448,0.5100947301887866,2.4517910274618644,2.4937529741763718,0.01880760001949966,0.0007527999696321785
scaling,RandomForest,789,6.468809101498288,6.575507106265607,0.7046542670089808,0.6768155234683184,1.982132147604947,2.017702479427642,1.288425200036727,0.015159400005359203
scaling,GradientBoosting,789,0.28412077863491936,0.586928716772434,0.9870279276591307,0.9711526051107504,0.42555624289916466,0.6116105749806485,1.6006183000281453,0.0029080999665893614
scaling,RHM (original),789,2.8583148594614305,2.976472777333412,0.8694982207635051,0.8537071314945907,1.3229932300772376,1.3529576746296241,1.3377958000055514,1.6521333999698982
scaling,"ACGMT (top1, no-std)",789,2.8583148594614305,2.9764727773334116,0.8694982207635051,0.8537071314945907,1.3229932300772376,1.3529576746296244,0.37228090001735836,0.0029984000138938427
scaling,"ACGMT (top3, std)",789,3.2318219999832465,3.2536110846303625,0.8524450447516725,0.8400858552457526,1.4200873135174048,1.442735706392091,0.7354448999976739,0.0019326999899931252
scaling,ACGMT (full),789,3.551356071824572,3.7287104455264366,0.8378561114282694,0.8167348443244161,1.4723596680292834,1.5311501371026115,1.0742618999793194,0.0009239999926649034
scaling,Ridge,1024,6.7180257214480115,6.096190108769861,0.6831965609611655,0.7016490823174004,2.0715067114964696,1.9712534447575618,0.002295200014486909,0.00016960001084953547
scaling,CART,1024,9.236950496827331,10.986418927947717,0.5644110628686858,0.46231857755169214,2.410455529521738,2.667604451258199,0.017895800003316253,0.00037620001239702106
scaling,RandomForest,1024,6.191174992548886,6.877005873358638,0.708041378426286,0.6634355266786129,1.9232268181214502,2.030358765601258,1.110090600035619,0.011394599976483732
scaling,GradientBoosting,1024,0.28078957407271776,0.6252212628344831,0.9867587433569228,0.9694013253863268,0.42507171435574553,0.6160039626003233,1.5776354999979958,0.002188799961004406
scaling,RHM (original),1024,3.0681150557711385,3.05526904704865,0.8553162132243789,0.8504734419874999,1.365608747435745,1.3648112273725723,0.9915351000381634,1.5010361000313424
scaling,"ACGMT (top1, no-std)",1024,3.068115055771139,3.05526904704865,0.8553162132243789,0.8504734419874999,1.365608747435745,1.3648112273725723,0.48599519999697804,0.0028017000295221806
scaling,"ACGMT (top3, std)",1024,2.9827728568524603,3.228696069692327,0.8593407143551585,0.8419858275211684,1.358573258700261,1.4247840368975648,1.1319130000192672,0.0021945000044070184
scaling,ACGMT (full),1024,3.273817032894393,3.4075388808532217,0.8456158791572315,0.8332331613675933,1.4221049616775898,1.4604924178499314,1.2845254999701865,0.0011384999961592257
correlated,Ridge,42,0.7609772034999613,0.6842770676419389,0.9481852391325577,0.9539825917464566,0.6339128462670528,0.6021258541368683,0.001749899995047599,0.00022460002219304442
correlated,CART,42,2.4311702620337354,2.8570783482200293,0.8344621820785969,0.807862418631867,1.227821939975488,1.3393556414927081,0.013938499963842332,0.0005686000222340226
correlated,RandomForest,42,1.834930974218553,2.1091092312777855,0.8750599765668248,0.8581630963003233,1.0565050489055052,1.150015999206637,1.057952600007411,0.016347800032235682
correlated,GradientBoosting,42,0.20628424459988684,0.3344728046641171,0.9859541537440225,0.9775068136435192,0.36205190188880465,0.45286415825547593,1.4984439999680035,0.002795600041281432
correlated,RHM (original),42,0.28240579832810125,0.25627321370849143,0.9807710548480965,0.9827657104741055,0.4224969099648076,0.39580695740631017,0.9748791000456549,2.0374086999800056
correlated,"ACGMT (top1, no-std)",42,0.28240579832810125,0.25627321370849154,0.9807710548480965,0.9827657104741055,0.4224969099648076,0.39580695740631017,0.3510624999762513,0.0017820000066421926
correlated,"ACGMT (top3, std)",42,0.2530431359959492,0.24474432078462652,0.9827703516997951,0.9835410247400317,0.4023215765747164,0.3913903132669992,1.0739694000221789,0.00303569994866848
correlated,ACGMT (full),42,0.25520745440265796,0.23660489882803615,0.9826229837626627,0.9840883981956627,0.40419417152166803,0.383115864565453,1.5969826999935322,0.0007153000333346426
correlated,Ridge,123,0.7312600637497815,0.6884419783513651,0.9500818240764348,0.9513793131700645,0.6271090616229775,0.6161745652919298,0.0019400999881327152,0.00017750001279637218
correlated,CART,123,2.458610079567995,2.5201948598922437,0.832167327927099,0.8220131704829081,1.2524785603357358,1.2674097886224833,0.013846100016962737,0.00038129999302327633
correlated,RandomForest,123,1.7184679786625543,1.8246120913774586,0.8826918204202062,0.8711381701426413,1.0338037036657926,1.0606419439943457,1.136284500011243,0.01755849999608472
correlated,GradientBoosting,123,0.20526470129015353,0.3300554654202357,0.9859879679229878,0.9766900858382642,0.358918040970799,0.45314983166949024,1.6123039000085555,0.008448400010820478
correlated,RHM (original),123,0.2552717244037743,0.27651897021042143,0.9825743268656612,0.9804710597611533,0.4018675047783469,0.41373392789809643,0.9447235999978147,1.2660902999923564
correlated,"ACGMT (top1, no-std)",123,0.2552717244037743,0.27651897021042143,0.9825743268656612,0.9804710597611533,0.4018675047783469,0.41373392789809643,0.3826755000045523,0.0033768999855965376
correlated,"ACGMT (top3, std)",123,0.2513527593357231,0.27692306825046814,0.9828418480901926,0.9804425206469338,0.3981047698841266,0.4150308281769359,1.1002530999830924,0.0019257999956607819
correlated,ACGMT (full),123,0.2591009907336951,0.2649243592244188,0.9823129287669671,0.9812899202713962,0.40473988701981256,0.4057431239302415,1.8882990999845788,0.0009675000328570604
correlated,Ridge,456,0.7695716271940917,0.7109757500390183,0.9490413523610058,0.9542003521769964,0.6431681423595189,0.6199110858088627,0.0012208999833092093,0.00012929999502375722
correlated,CART,456,2.4147062882823715,2.9702961535578027,0.8401056346829031,0.8086594124265083,1.2360193590346835,1.3442772917601693,0.018850799999199808,0.000678699987474829
correlated,RandomForest,456,1.721832595343636,2.2413538366454087,0.8859855828633325,0.8556164308565177,1.0397755441092156,1.1306298012104399,1.0659376999828964,0.015274100005626678
correlated,GradientBoosting,456,0.20919455755039548,0.37225994169386,0.9861477848591249,0.976019752815402,0.36413098220965506,0.46593456570246167,1.7736129999975674,0.0019318999839015305
correlated,RHM (original),456,0.29065289388006976,0.27485482241875153,0.9807538663314663,0.9822943974269978,0.4253219156921759,0.4150025928195472,0.8445619000121951,1.407928799977526
correlated,"ACGMT (top1, no-std)",456,0.29065289388006965,0.2748548224187515,0.9807538663314663,0.9822943974269978,0.4253219156921759,0.4150025928195472,0.38810179999563843,0.0018502000020816922
correlated,"ACGMT (top3, std)",456,0.2576893514297046,0.24692069755654453,0.9829366099323261,0.9840938583521597,0.40491135912494963,0.3956715471655546,2.509193799982313,0.005629700026474893
correlated,ACGMT (full),456,0.2658201809785147,0.24425485990959842,0.9823982116035036,0.9842655863265339,0.41199668134595563,0.39629434050537105,4.109742300002836,0.001400600012857467
correlated,Ridge,789,0.73186353404525,0.670411210882881,0.9525150307717261,0.9567652481789557,0.6310935218940659,0.6236643985670074,0.0050540000083856285,0.00059710000641644
correlated,CART,789,2.5728615283601592,2.798333875510858,0.8330668972841071,0.8195357287346008,1.283968319475272,1.3267926498622973,0.029746900021564215,0.0009183000074699521
correlated,RandomForest,789,1.8977819804954548,2.056943999259157,0.8768675924489663,0.8673478875738967,1.0828122744943367,1.128929599661335,2.3522907000151463,0.0355318000074476
correlated,GradientBoosting,789,0.20845111646001477,0.31480090733221083,0.9864752178647404,0.9796985210261865,0.3660529194393395,0.44840489423404145,3.2834586999961175,0.00342399999499321
correlated,RHM (original),789,0.27719171278058014,0.2902168978245834,0.9820151717643789,0.9812839413362506,0.42004613733561075,0.4315894911493223,2.5095642000087537,3.793193599965889
correlated,"ACGMT (top1, no-std)",789,0.27719171278058014,0.2902168978245834,0.9820151717643789,0.9812839413362506,0.42004613733561075,0.4315894911493223,1.0153358000097796,0.01034019998041913
correlated,"ACGMT (top3, std)",789,0.24949688522684782,0.2647564142834823,0.9838120751117864,0.9829258853689192,0.4005899934839405,0.41033945229368146,2.617896899988409,0.0053400000324472785
correlated,ACGMT (full),789,0.2525182799800038,0.2632284812445139,0.9836160401541665,0.983024421617518,0.40239337643979023,0.4105380518441594,4.45790759997908,0.0024575000279583037
correlated,Ridge,1024,0.7391498274601813,0.7989184881045271,0.9492054682998505,0.9471194046433595,0.6284677339586594,0.6542977600900997,0.003167000017128885,0.00046710000606253743
correlated,CART,1024,2.4797905470569797,2.7764036815774342,0.8295882717242435,0.816229212593996,1.2412027341136707,1.3227047258776552,0.031499399978201836,0.0009015999967232347
correlated,RandomForest,1024,1.8588400791959274,2.108447221964885,0.8722601185572051,0.8604414016752981,1.0714616158140975,1.152206833109332,2.525226700003259,0.03176809998694807
correlated,GradientBoosting,1024,0.19669839795958166,0.3132696094835336,0.9864828446962401,0.9792646137205625,0.3541003011406459,0.4499219217312954,3.309887700015679,0.005036999995354563
correlated,RHM (original),1024,0.2671676365576276,0.286442223234531,0.9816401837892447,0.9810403244818389,0.4148861787349172,0.4306012467120923,2.3078987999469973,3.79852850001771
correlated,"ACGMT (top1, no-std)",1024,0.2671676365576276,0.286442223234531,0.9816401837892447,0.9810403244818389,0.4148861787349172,0.4306012467120923,0.9016616999870166,0.005252200004179031
correlated,"ACGMT (top3, std)",1024,0.24311155970751322,0.26406375513452884,0.9832933224530838,0.9825215603449684,0.39853477626065853,0.4143643032243748,2.8324031999800354,0.0050215000519528985
correlated,ACGMT (full),1024,0.24830355694350342,0.2554570606069096,0.9829365273103495,0.9830912394016555,0.40153037770011285,0.4093548801586726,4.0788841000176035,0.001982599962502718
irrelevant,Ridge,42,1.7414024642844523,2.0196171222704016,0.9553914388460264,0.9490925961291562,0.9108267391775353,0.9672602999219095,0.006558900000527501,0.0009919999865815043
irrelevant,CART,42,6.8719847468774535,7.688228085581431,0.8239640989848843,0.8062069647320724,2.0854147136975607,2.2010874635393476,0.11913540004752576,0.0008096999954432249
irrelevant,RandomForest,42,4.747138593566925,5.350854377067017,0.8783951288684249,0.8651238881748041,1.6729028263758707,1.783813060292225,8.24924800003646,0.029991300019901246
irrelevant,GradientBoosting,42,0.23736355027680173,0.4823828680237086,0.9939195868471463,0.9878408341798703,0.38773499969993636,0.5386795005122451,4.2017926999833435,0.0014577999827452004
irrelevant,RHM (original),42,0.25519496898027944,0.3357607365839218,0.9934628090786464,0.9915366594822514,0.40392156919059513,0.4568002052274604,1.1143223000108264,1.7528064000071026
irrelevant,"ACGMT (top1, no-std)",42,0.2551949689802795,0.33576073658392175,0.9934628090786464,0.9915366594822516,0.4039215691905952,0.45680020522746034,0.4170280999969691,0.003354899992700666
irrelevant,"ACGMT (top3, std)",42,0.2504458627666014,0.32946342597723544,0.9935844643532337,0.9916953924078242,0.3986934805856162,0.459084711793516,1.2541226000175811,0.0021046000183559954
irrelevant,ACGMT (full),42,0.2664576074426171,0.3233663471023395,0.9931743001860115,0.9918490781996974,0.40888584346090634,0.45256385858215364,2.1950058999937028,0.0032642000005580485
irrelevant,Ridge,123,1.8825613743413423,1.8000849282330924,0.9536929888417682,0.9521089887673525,0.9489205797895053,0.9211307290012322,0.0030682000215165317,0.0003779999678954482
irrelevant,CART,123,6.877941566561274,7.592473175731746,0.8308172465400485,0.7980032983780084,2.088126368320774,2.191626359217492,0.06639489997178316,0.0004667000030167401
irrelevant,RandomForest,123,4.738999264442376,5.210612452643356,0.8834306839562326,0.8613723743893249,1.6959856069301644,1.8098969881360711,3.7135222000069916,0.05153029999928549
irrelevant,GradientBoosting,123,0.24327268328325966,0.4183577059958251,0.9940160087140679,0.9888696509354272,0.3911883290049834,0.5058046454493628,6.779453199997079,0.0022631000028923154
irrelevant,RHM (original),123,0.26601948458494096,0.31192477583333994,0.9934564857173425,0.9917012843622669,0.40703417225445837,0.4472114342935257,1.4904659999883734,2.0964649000088684
irrelevant,"ACGMT (top1, no-std)",123,0.2660194845849409,0.31192477583334005,0.9934564857173425,0.9917012843622669,0.40703417225445837,0.4472114342935257,0.4572351999813691,0.0024426999734714627
irrelevant,"ACGMT (top3, std)",123,0.24328808233974716,0.27899903924769215,0.9940156299299867,0.992577269042731,0.39190409799591314,0.4238649543569678,1.4231791999773122,0.0037361999857239425
irrelevant,ACGMT (full),123,0.2632452359966175,0.2938537005354922,0.9935247263399783,0.9921820628280501,0.4062709625708543,0.4362551532414123,2.2643132000230253,0.0016986000118777156
irrelevant,Ridge,456,1.8940232724954515,1.694473816960782,0.9530991376277368,0.9581948950344291,0.958044143785641,0.9232448085150896,0.0026378000038675964,0.0004548000288195908
irrelevant,CART,456,7.025347649476844,7.623138444904743,0.826034416783436,0.8119262158751328,2.1256858861100456,2.1615274005612646,0.057443799974862486,0.0006210000137798488
irrelevant,RandomForest,456,4.319626756769813,4.884004785422572,0.8930349890833809,0.879504580912821,1.6214318356034334,1.693693895370568,3.6761982000316493,0.010477400035597384
irrelevant,GradientBoosting,456,0.24170892551370304,0.48219846628865204,0.9940146685554029,0.988103470649319,0.3919960480703243,0.5371766839535723,6.326349399983883,0.0038887999835424125
irrelevant,RHM (original),456,0.26626237905389427,0.31137505067842447,0.9934066622220198,0.9923179298806641,0.41003887073452533,0.44692014585445383,1.277040999964811,1.5874093000311404
irrelevant,"ACGMT (top1, no-std)",456,0.2662623790538942,0.3113750506784245,0.9934066622220198,0.9923179298806641,0.4100388707345253,0.44692014585445394,0.44684430002234876,0.002336599980480969
irrelevant,"ACGMT (top3, std)",456,0.26326952793420194,0.3010439705662742,0.993480772873406,0.9925728124785379,0.4054670153638601,0.43436005206998596,1.2596291999798268,0.0026206999900750816
irrelevant,ACGMT (full),456,0.27509765312412143,0.30651549509153536,0.9931878782296546,0.9924378221028763,0.41699461007193767,0.44636078002300655,2.3722442999714985,0.002888499991968274
irrelevant,Ridge,789,1.5968541162744696,1.6105599731225753,0.9598472138188175,0.9545832220872152,0.891115112343686,0.9010768244861778,0.004511800012551248,0.0004684000159613788
irrelevant,CART,789,6.6328495358220145,6.794738156714135,0.833217457706675,0.8083926590819825,2.034799824348034,2.0615584776069746,0.05451220000395551,0.0004886999959126115
irrelevant,RandomForest,789,4.4715187804516265,4.639416723758382,0.8875639698913136,0.8691713674100123,1.6338468573048035,1.6716868347813978,4.110074100026395,0.014940099965315312
irrelevant,GradientBoosting,789,0.24536734650775155,0.45333222557803154,0.993830255062275,0.9872163164654665,0.3962711112501178,0.5252908452423662,7.44284830003744,0.0028558000340126455
irrelevant,RHM (original),789,0.260789461209062,0.29867340381698215,0.9934424670559991,0.9915775979311644,0.4045443299426123,0.43528157966605396,1.1229568000417203,1.5536535999854095
irrelevant,"ACGMT (top1, no-std)",789,0.260789461209062,0.29867340381698215,0.9934424670559991,0.9915775979311644,0.4045443299426123,0.43528157966605396,0.5204074999783188,0.0030396999791264534
irrelevant,"ACGMT (top3, std)",789,0.2586887318750032,0.2940502041290336,0.9934952897496412,0.991707969253548,0.40180509630900657,0.4345226087158262,1.3958617000025697,0.0020309999817982316
irrelevant,ACGMT (full),789,0.2877221442306092,0.31077957254383115,0.9927652466063486,0.9912362115900051,0.4210170093039519,0.44264604636988847,2.2248191999970004,0.0018934999825432897
irrelevant,Ridge,1024,1.642871995029693,1.9229620186107237,0.9574727428097028,0.9548840125612013,0.8941237401766421,0.9786781044394502,0.003719799977261573,0.0003978000022470951
irrelevant,CART,1024,7.041067135794594,7.423180743125702,0.8177354815932123,0.8258394466861341,2.1055318551890823,2.1710272917443643,0.054230099951382726,0.0005441000103019178
irrelevant,RandomForest,1024,4.733341975154456,4.9250801023140705,0.8774730763224285,0.8844491727446538,1.661336393313072,1.7156926244105186,3.7457672000164166,0.014279299997724593
irrelevant,GradientBoosting,1024,0.2353006109739386,0.4263123203493773,0.9939090266130308,0.9899979817054404,0.38660593563014817,0.5051844322824903,6.267050700029358,0.003817699966020882
irrelevant,RHM (original),1024,0.25004117690054123,0.32076391617918326,0.9935274534654042,0.9924743283158473,0.3984742180553437,0.44491343109135423,1.5280725000193343,1.886193500016816
irrelevant,"ACGMT (top1, no-std)",1024,0.25004117690054123,0.3207639161791833,0.9935274534654042,0.9924743283158473,0.3984742180553437,0.44491343109135434,0.7110275999875739,0.005708999990019947
irrelevant,"ACGMT (top3, std)",1024,0.2490970586570737,0.31183608372633836,0.9935518928371139,0.9926837905792201,0.3957407550945396,0.4398328746155643,1.590555900009349,0.0020804000087082386
irrelevant,ACGMT (full),1024,0.2681216163346401,0.31719220719712443,0.993059424610902,0.992558126735166,0.40680992296169305,0.44255931443096835,2.1878958999877796,0.0020411000004969537
interaction,Ridge,42,5.116171984101593,5.005054268109825,0.37751762931408694,0.41733960209545584,1.7267591412291672,1.728775301307938,0.0022677999804727733,0.000437400012742728
interaction,CART,42,1.7581781691072051,1.9544551397135588,0.7860832438403152,0.7724732743363143,0.9842780421900643,1.0238483895022028,0.013543099979870021,0.0006072999676689506
interaction,RandomForest,42,1.2347203725062594,1.3914428689859693,0.8497721212265197,0.8380160109610593,0.7831434248437997,0.8172130054876443,1.1513913000235334,0.01412249996792525
interaction,GradientBoosting,42,0.23740295773946452,0.33491586502165915,0.9711152876797867,0.9610109699666133,0.3886309604774453,0.4404840338577294,1.658563300035894,0.002165100013371557
interaction,RHM (original),42,4.032975000321576,4.663122191323637,0.5093097247476455,0.45714542022333937,1.4963274581762342,1.5817768385917965,0.9120238000177778,1.5038199999835342
interaction,"ACGMT (top1, no-std)",42,4.032975000321576,4.663122191323638,0.5093097247476455,0.45714542022333926,1.4963274581762342,1.5817768385917965,0.35636480001267046,0.003609799954574555
interaction,"ACGMT (top3, std)",42,0.40383639309313424,0.4448740339846065,0.9508654055956242,0.9482102555190152,0.46583500494303853,0.4690750407774822,1.2159934000228532,0.007685400021728128
interaction,ACGMT (full),42,0.41867383228584754,0.44673313389880287,0.9490601409656843,0.9479938295148753,0.46150108641808163,0.46506273133202114,2.6425670000026003,0.002641199971549213
interaction,Ridge,123,5.263193209354759,4.804375805471608,0.3740344883707717,0.4137650824213921,1.7436296570397611,1.6823084997454925,0.002187600010074675,0.00032490002922713757
interaction,CART,123,1.6101555680599482,1.8558217634126415,0.8084999326697984,0.7735507040736166,0.9661973147261721,0.9902045727349489,0.01642810000339523,0.0014436000492423773
interaction,RandomForest,123,1.2760753172129453,1.3342823827047527,0.8482329819477485,0.837189480106724,0.803150107133677,0.8030101916190514,1.4274946000077762,0.014269000035710633
interaction,GradientBoosting,123,0.22379638270052812,0.33224412196451586,0.9733833033245076,0.9594592277244378,0.37463269057107584,0.4442458618897263,2.1357470999937505,0.0021843999857082963
interaction,RHM (original),123,5.115607008554092,4.894877489494733,0.3915873062170556,0.40272197309310054,1.7259868927809812,1.6864600528093445,0.8847947000176646,2.122908000019379
interaction,"ACGMT (top1, no-std)",123,5.115607008554092,4.894877489494732,0.3915873062170556,0.40272197309310065,1.7259868927809812,1.6864600528093445,0.31634180003311485,0.0015411999775096774
interaction,"ACGMT (top3, std)",123,0.30422650282409164,0.29449675237835804,0.9638175360629028,0.9640652009026701,0.41731784597529575,0.42501876830572954,1.2254544000024907,0.003988599986769259
interaction,ACGMT (full),123,0.30917821541557655,0.2921428868045078,0.9632286157663307,0.9643524220207821,0.4221560050896603,0.41918989253864014,2.307454299996607,0.003499699989333749
interaction,Ridge,456,5.083846170891324,5.063775301972543,0.368268150370196,0.386156936601053,1.737370390555052,1.734692852239479,0.0016971000004559755,0.00025019998429343104
interaction,CART,456,1.8817680484226893,2.1060807140052247,0.7661666443389039,0.74469581287566,1.012661999769193,1.0891753712116974,0.014722299994900823,0.0003958999877795577
interaction,RandomForest,456,1.3316718833652845,1.4294670955828532,0.8345230139347701,0.8267165486907041,0.7984647890723311,0.8380657599368667,1.0862668000045232,0.010658200015313923
interaction,GradientBoosting,456,0.2229260933869318,0.41326138332131535,0.9722986281307205,0.949903457717876,0.37697428374324854,0.4497451411055161,1.607222200022079,0.0029891000012867153
interaction,RHM (original),456,4.4596532216451665,4.575418108598007,0.44583197765728766,0.4453567742196697,1.5862482275993688,1.599668143859621,0.8273348999791779,1.6974294999963604
interaction,"ACGMT (top1, no-std)",456,4.459653221645167,4.575418108598007,0.44583197765728755,0.4453567742196697,1.5862482275993688,1.599668143859621,0.3369829999865033,0.0012596999877132475
interaction,"ACGMT (top3, std)",456,0.4279559261460615,0.45780828529430895,0.9468210918079594,0.9445033747478866,0.46300000123936125,0.4798257353277858,1.3382216999889351,0.0029634999809786677
interaction,ACGMT (full),456,0.4426325612009472,0.5211190990491252,0.9449973352469029,0.9368286851054772,0.47095860685574403,0.4988423372435127,2.2008060999796726,0.002433900022879243
interaction,Ridge,789,5.241086535680372,5.079987333455838,0.37716437561109006,0.3660868845745652,1.739541394959475,1.7313000881307552,0.0030128000071272254,0.00021759996889159083
interaction,CART,789,1.9438743049258838,1.8406470723135162,0.7689955778826113,0.77031235642566,1.0245389122100346,1.0030826185974229,0.018680299981497228,0.000533499987795949
interaction,RandomForest,789,1.3500721286572495,1.3122776879367188,0.8395613177729864,0.8362456473100409,0.8275763023144137,0.815102418584753,1.1881271000020206,0.014814299996942282
interaction,GradientBoosting,789,0.2306849002567157,0.3243816151932507,0.9725860710540942,0.9595215998040686,0.38413280206239686,0.45643028464724855,2.044900100037921,0.003073300002142787
interaction,RHM (original),789,3.4924526915222978,3.843895280248863,0.5849669838564033,0.5203343094137137,1.3009413105958083,1.3858472898647078,0.978710499999579,1.4027234999812208
interaction,"ACGMT (top1, no-std)",789,3.4924526915222973,3.843895280248863,0.5849669838564033,0.5203343094137137,1.3009413105958083,1.3858472898647083,0.37768279999727383,0.0025515000452287495
interaction,"ACGMT (top3, std)",789,0.4457640268396299,0.39483340174678905,0.9470266872915247,0.950730177981554,0.47695609302401715,0.4681379734159576,1.1629405000130646,0.0030383000266738236
interaction,ACGMT (full),789,0.3573955974706907,0.33655804645896087,0.9575281368492786,0.9580021472992216,0.4433798773170074,0.45191148957781807,2.0553871000302024,0.002043799962848425
interaction,Ridge,1024,5.177339248278338,5.555284181798317,0.37226662567793645,0.30151018438578725,1.7526644822251707,1.7628376044723897,0.001635099994018674,0.00019799999427050352
interaction,CART,1024,1.8942582865625373,1.9797899847450064,0.7703281378640874,0.7510724751165198,1.0194310623109175,1.0292091415926057,0.016865900019183755,0.0003939999733120203
interaction,RandomForest,1024,1.351763166013608,1.4657792090648156,0.8361036793622956,0.8157012646040005,0.8169360079673094,0.8318117812962518,1.2973366000223905,0.01390950003406033
interaction,GradientBoosting,1024,0.2210352853464555,0.35311441954658096,0.9732002832225238,0.9556014026054797,0.3791701103141908,0.4411260749326384,1.8083576000062749,0.0018848999752663076
interaction,RHM (original),1024,5.04598328095074,5.750369190550835,0.38819305441936236,0.27698130569419666,1.724812567167966,1.76652785334347,1.0914746999624185,2.1892744000069797
interaction,"ACGMT (top1, no-std)",1024,5.04598328095074,5.750369190550834,0.38819305441936236,0.27698130569419677,1.724812567167966,1.7665278533434703,0.29697740002302453,0.0016944000381045043
interaction,"ACGMT (top3, std)",1024,0.2825234866149529,0.33127610131591106,0.9657450645837021,0.958347228448961,0.41854743405920386,0.4315738364392927,1.642649999994319,0.0029420999926514924
interaction,ACGMT (full),1024,0.29717949229900276,0.34832841018080185,0.9639680777066704,0.9562031681839867,0.42693565952109763,0.4427842553059302,1.985699900018517,0.002158300019800663
regime,Ridge,42,2.7565794155658407,2.9011664826058494,0.28719153331801506,0.25081416310727045,1.436942450136346,1.483260201808214,0.0032604000298306346,0.00033199996687471867
regime,CART,42,0.9402862662651518,0.9396319251724713,0.7568566289387999,0.7573531424507692,0.7644292928191883,0.7779393786740227,0.014574300032109022,0.0004197999951429665
regime,RandomForest,42,0.8083394763920155,0.7978386607543265,0.790976011983592,0.7939692781002627,0.6988968658776555,0.7071162635876633,1.270485799992457,0.01600109995342791
regime,GradientBoosting,42,0.20496129092897103,0.25278727816986474,0.947000205148724,0.9347212062158464,0.3611290413997038,0.3952809260242379,1.6421241000061855,0.0015349999885074794
regime,RHM (original),42,2.697497722940855,3.0028727598120404,0.3024691380520502,0.22454993357655995,1.4155364499211323,1.4989771873824904,0.8172628000029363,1.5442848000093363
regime,"ACGMT (top1, no-std)",42,2.697497722940855,3.0028727598120404,0.3024691380520502,0.22454993357655995,1.4155364499211323,1.4989771873824904,0.28426279994891956,0.0011546000023372471
regime,"ACGMT (top3, std)",42,0.30449575134463613,0.2883698182071586,0.921262145250912,0.9255325108422998,0.4259737285355866,0.4092976960749704,1.4448977999854833,0.002360299986321479
regime,ACGMT (full),42,0.32937922613034226,0.2994686963911537,0.9148276665605608,0.9226663801356683,0.4267288221229943,0.4054698092502693,2.185747000039555,0.0018029000493697822
regime,Ridge,123,2.7017530883619885,2.6985960402499076,0.2647244796831525,0.266938934315591,1.4269691210064948,1.4237202188418405,0.0019207000150345266,0.00033769995206966996
regime,CART,123,0.9114063681844193,0.9747685616146243,0.7519629774928194,0.7352086529754556,0.7498608783970904,0.7794452512350754,0.01958840002771467,0.00039250002009794116
regime,RandomForest,123,0.7590512433234464,0.8095588870351541,0.7934260535183962,0.7800870928390912,0.674950708640406,0.7019404884311401,1.54023490002146,0.024153399979695678
regime,GradientBoosting,123,0.2032022072106798,0.2846699304769651,0.9446990143992218,0.9226707371198746,0.3563584978671335,0.41949069376634307,3.318516900006216,0.004845700052101165
regime,RHM (original),123,2.656421129067565,2.728134460410425,0.277061461956169,0.25891495983458745,1.410171321062619,1.4208317156421677,2.1791879000375047,3.63054420001572
regime,"ACGMT (top1, no-std)",123,2.656421129067565,2.728134460410425,0.277061461956169,0.25891495983458745,1.410171321062619,1.4208317156421677,1.228505800012499,0.0035649000201374292
regime,"ACGMT (top3, std)",123,0.37394429581331146,0.41141663765205244,0.8982319709902332,0.8882405834963056,0.45115691939458535,0.4695076817919826,4.320723100041505,0.006370600021909922
regime,ACGMT (full),123,0.37470412853067914,0.3753292919293848,0.8980251843674946,0.8980435431533318,0.44746470341649586,0.44629920522362476,5.128281100012828,0.002659299992956221
regime,Ridge,456,2.747765825190689,2.6118419537427813,0.2779159177695364,0.2966561839971734,1.4419532946139262,1.4114674330820873,0.0025368999922648072,0.00031759997364133596
regime,CART,456,0.8951481076168665,0.911590432880314,0.7647644519692632,0.7545174995083752,0.7409332629409712,0.75859134630157,0.07057510002050549,0.0005096999811939895
regime,RandomForest,456,0.8000249407632819,0.8058647587306523,0.7897618240184476,0.7829884025809497,0.6907855008143658,0.7062796818047832,2.2737383999628946,0.02866310003446415
regime,GradientBoosting,456,0.20547990800176325,0.2675976728107088,0.9460020321142336,0.9279385308600127,0.360992815748052,0.41413410418474245,5.643201099999715,0.005214799952227622
regime,RHM (original),456,2.680487643521989,2.662624959390708,0.295595919325348,0.28298081097955197,1.4185099240605823,1.4144956065385406,2.921006199961994,5.109647099976428
regime,"ACGMT (top1, no-std)",456,2.680487643521989,2.662624959390708,0.295595919325348,0.28298081097955197,1.4185099240605823,1.4144956065385406,1.212846900045406,0.0034664999693632126
regime,"ACGMT (top3, std)",456,0.3783536612880815,0.3672476443349054,0.9005726202119934,0.9011037558323871,0.4544555386851805,0.4464402827770748,3.9810011999798007,0.0036512999795377254
regime,ACGMT (full),456,0.37781420163185137,0.30959457426038983,0.9007143845600314,0.9166291708569754,0.45525828451301303,0.42751193514793145,5.770773499971256,0.002389000030234456
regime,Ridge,789,2.654680452172045,2.8204511018298084,0.30161575951553443,0.2400979438711497,1.4093093231598954,1.44184587785814,0.0025547000113874674,0.0002861999673768878
regime,CART,789,0.9195215836888957,0.937102167924437,0.758095411329746,0.7475205779151448,0.7545151775684567,0.7693015997487471,0.055845600028987974,0.0006146000232547522
regime,RandomForest,789,0.8118617595304343,0.8243912289012607,0.7864181891104314,0.7778878033055652,0.7038819058683032,0.7149324765630097,3.0876712999888696,0.026376100024208426
regime,GradientBoosting,789,0.2054387989416118,0.28680422967061986,0.945953864448172,0.9227275652140321,0.36353675336836594,0.4267515262333957,4.718498100002762,0.004961400001775473
regime,RHM (original),789,2.5210876154112665,2.781709219791184,0.33676090542528214,0.2505360031590247,1.3607073807780279,1.4234064514612235,2.861816800024826,5.930164500023238
regime,"ACGMT (top1, no-std)",789,2.5210876154112665,2.781709219791184,0.33676090542528214,0.2505360031590247,1.3607073807780279,1.4234064514612237,1.1528153999825008,0.00432040001032874
regime,"ACGMT (top3, std)",789,0.33517453203029574,0.3280987437428688,0.9118234321610381,0.9116017612141026,0.43117184668168274,0.4329178035351115,2.987761099997442,0.003999300010036677
regime,ACGMT (full),789,0.3209173536037094,0.3235995720447213,0.9155741618274869,0.9128139537680103,0.43047120920620363,0.4372788421627487,5.251456999976654,0.0069281000178307295
regime,Ridge,1024,2.733218187465867,2.758300243212749,0.25330713353368317,0.29621051262569864,1.4402263341033406,1.4484805462534602,0.051778300025034696,0.000325599976349622
regime,CART,1024,0.8581475569457397,0.9865975836926111,0.7655611022620259,0.7482663428753535,0.7297626971593931,0.786784103833932,0.1663006999879144,0.0006217000191099942
regime,RandomForest,1024,0.7540199703702162,0.8643043374570134,0.7940079077365589,0.7794698716751195,0.6757783846883899,0.7263679259768615,5.186524099961389,0.048494899994693696
regime,GradientBoosting,1024,0.19567330894836907,0.2757666189591528,0.9465436515022343,0.9296372293517443,0.355175079188588,0.4206065933896352,5.586433799995575,0.007613800000399351
regime,RHM (original),1024,2.6894183225285193,2.7816395699571146,0.2652728985980627,0.2902554057277106,1.4239069856896887,1.448799254973435,6.6038857999956235,5.438724000006914
regime,"ACGMT (top1, no-std)",1024,2.6894183225285193,2.7816395699571146,0.2652728985980627,0.2902554057277106,1.4239069856896887,1.448799254973435,2.996662700024899,0.01680129999294877
regime,"ACGMT (top3, std)",1024,0.35331819198230663,0.3664502243277989,0.9034763581056919,0.9064990056240345,0.44499853374906445,0.45402145587432613,6.915101199992932,0.005649600003380328
regime,ACGMT (full),1024,0.3394966300636214,0.3192534825486194,0.9072522958392519,0.918541411371647,0.4355953620748904,0.43092257241926585,10.55700590001652,0.002943800005596131
california,Ridge,42,0.5179332149226819,0.5558034669932193,0.6125511245209703,0.575854961144014,0.5286393234711031,0.5332039182571576,0.013520700042136014,0.0009018999990075827
california,CART,42,0.5498723438429148,0.5844045983300754,0.5886585082002127,0.5540288505085005,0.5455441329806711,0.5587407879847646,0.21629319997737184,0.0012750000460073352
california,RandomForest,42,0.4978254218106846,0.5264844804059898,0.6275931060065008,0.598228881861947,0.5216638779223929,0.5320316153003126,25.115835600008722,0.09184159996220842
california,GradientBoosting,42,0.2113478144796937,0.2594939440350073,0.8418976217477535,0.8019748427064706,0.32054474998688315,0.3448512059750205,34.16459189995658,0.02390570001443848
california,RHM (original),42,0.43651823342675966,0.5131753312004831,0.6734550057915507,0.608385366918523,0.47991457138637705,0.49272587186743144,9.532359000004362,36.300991800031625
california,"ACGMT (top1, no-std)",42,0.43651823342675966,0.5131753312004831,0.6734550057915507,0.608385366918523,0.47991457138637705,0.49272587186743155,1.6410249000182375,0.007928800012450665
california,"ACGMT (top3, std)",42,0.3181525727610297,0.3434970468387513,0.762000479993501,0.7378703499880903,0.393437964422156,0.40302935977573445,3.978474900010042,0.005243599996902049
california,ACGMT (full),42,0.3869172326775292,0.4186873194462093,0.7105598899913268,0.6804911089603053,0.4449625793197632,0.4533035801873504,6.0696216999785975,0.0037693000049330294
california,Ridge,123,0.5260513255987406,0.5180225821074524,0.6050600384531066,0.6104549026001062,0.5327211669806196,0.5255539789149632,0.005315799964591861,0.000679899996612221
california,CART,123,0.552177936215614,0.5729208180242742,0.5854451414073966,0.5691722647461742,0.5469391431895962,0.555236653066466,0.10130839998601004,0.0009812999633140862
california,RandomForest,123,0.4964733367325658,0.5146745379433221,0.6272661031791025,0.6129725808540336,0.5198053553706787,0.5257362857283311,6.876038600050379,0.07138410001061857
california,GradientBoosting,123,0.21337011172386028,0.24654653301176732,0.8398095782316198,0.8146007596329972,0.3218207351697474,0.34078692080092776,10.611532900016755,0.00995640002656728
california,RHM (original),123,0.4406416280523419,9.311010808372492,0.6691824938547992,-6.001738413570884,0.48362730749946736,0.5289665488210498,1.6279955999925733,7.4377540000132285
california,"ACGMT (top1, no-std)",123,0.44064162805234197,9.31101080837249,0.6691824938547992,-6.001738413570882,0.48362730749946736,0.5289665488210498,0.6932663999614306,0.00423160003265366
california,"ACGMT (top3, std)",123,0.3223696449127896,0.30012166331269946,0.7579767430091853,0.7743130770644414,0.39400469519232895,0.3849674699002611,2.7717702999943867,0.003627500031143427
california,ACGMT (full),123,0.5279342454145035,0.5169692251443055,0.6036464116006567,0.6112470110042159,0.5316612137174912,0.5237715732098626,3.3764305000077,0.0015480999718420208
california,Ridge,456,0.5288618468582682,0.5063448039644028,0.5999204218545497,0.6303107563477546,0.5326664205499697,0.5272281036806172,0.003687299962621182,0.0005464000278152525
california,CART,456,0.5514028875069283,0.5685493226428265,0.5828683125234483,0.5848943893149942,0.5498856786746593,0.5558733887985107,0.05945639999117702,0.0005001999670639634
california,RandomForest,456,0.501075740530701,0.5123493275186953,0.6209403796448059,0.6259267718496446,0.5232351608384964,0.5286776355214868,5.26266280002892,0.02039449999574572
california,GradientBoosting,456,0.2121354583710053,0.24188068608666236,0.8395212942681636,0.8233996138730972,0.3196913431075193,0.34092307230451924,15.746393600013107,0.01905790000455454
california,RHM (original),456,0.4346584722161194,0.5037502840951968,0.6711844894188885,0.6322050506716574,0.4800920955280465,0.49047582157145597,3.9322576000122353,16.441015899996273
california,"ACGMT (top1, no-std)",456,0.4346584722161193,0.503750284095197,0.6711844894188888,0.6322050506716574,0.4800920955280464,0.49047582157145614,0.8318744000280276,0.006491699954494834
california,"ACGMT (top3, std)",456,0.32363887990556833,0.47912046351388377,0.7551698854563316,0.6501876184213529,0.39447843076552336,0.40122539094678283,3.7011726000346243,0.002784400014206767
california,ACGMT (full),456,0.35145029918906,0.33757228960540936,0.734130778625947,0.7535338697166644,0.39762911169108167,0.400845597268524,6.445145099947695,0.006870299985166639
california,Ridge,789,0.521484950218049,0.5361242607455854,0.6081293886219014,0.5983028189972845,0.529107431631673,0.5353933551008301,0.005081999988760799,0.0006844999734312296
california,CART,789,0.5448463804826867,0.5926786229975155,0.5905744084510594,0.5559288218601035,0.5451794685306279,0.5600244981403897,0.08568830002332106,0.0009582999628037214
california,RandomForest,789,0.4946348308501136,0.5376967666398753,0.6283059492069927,0.5971246011267335,0.5193614058191782,0.5343716492641378,8.48933740000939,0.07955399999627843
california,GradientBoosting,789,0.2116644261730399,0.2611335928237412,0.8409444643479325,0.8043426948138319,0.3201918624355678,0.350272413218913,14.133401899947785,0.006650499999523163
california,RHM (original),789,0.43920803225961463,0.5571003639309916,0.6699564962482979,0.5825862358561267,0.48245779858893945,0.5005534880032622,1.6001748000271618,7.198038499976974
california,"ACGMT (top1, no-std)",789,0.43920803225961463,0.5571003639309915,0.6699564962482979,0.5825862358561269,0.48245779858893945,0.500553488003262,0.8596627999795601,0.007087100006174296
california,"ACGMT (top3, std)",789,0.341427015086155,1.4071471419239707,0.7434341813951353,-0.05432095048412977,0.4141004162563848,0.43334620368524535,2.8166173999779858,0.004952399991452694
california,ACGMT (full),789,0.3443444424846675,0.364545197999333,0.7412418764056465,0.7268603771432394,0.41214089154281425,0.4213569879988542,3.8357635000138544,0.005993300001136959
california,Ridge,1024,0.525402192386113,0.5205301755849747,0.6041588276216723,0.6139759268455155,0.5314312506115908,0.5318414473908205,0.003325300000142306,0.0005017999792471528
california,CART,1024,0.5502345752163761,0.5662001873804687,0.5854499610144788,0.5801071430531108,0.5472680096788529,0.5561753297382117,0.09339299995917827,0.001028600032441318
california,RandomForest,1024,0.4970650364724384,0.5085468504878089,0.625508211353389,0.6228627352975784,0.5202666086347426,0.5285019907141724,5.005302900040988,0.03632929996820167
california,GradientBoosting,1024,0.21751443200575618,0.25393100138778374,0.8361233184366127,0.8116853084535397,0.32427996985692525,0.34648079976400925,7.1024190000025555,0.007776800019200891
california,RHM (original),1024,0.4418727941584275,0.5144290584606305,0.667090378729865,0.6185005023525649,0.48405590972411777,0.490354076820831,1.781767399981618,6.549329600005876
california,"ACGMT (top1, no-std)",1024,0.4418727941584276,0.5144290584606303,0.667090378729865,0.6185005023525652,0.48405590972411777,0.49035407682083104,1.15778050001245,0.008951299998443574
california,"ACGMT (top3, std)",1024,0.32242089544319036,0.3198687740779003,0.7570861578024963,0.762785996209118,0.39591139575720946,0.3968963805573121,2.748004699999001,0.003088099998421967
california,ACGMT (full),1024,0.40051664308005036,0.39150397568734885,0.6982483517363605,0.7096614827734742,0.44945043988978517,0.44901037143860123,3.378037999966182,0.002409400010947138
diabetes,Ridge,42,3388.18261808013,3077.41593882723,0.4424027835503954,0.41915292635986545,48.8051936622374,46.138857666974516,0.00104750000173226,0.00015689997235313058
diabetes,CART,42,2524.2545414152655,3568.9652613232283,0.5845804478210278,0.3263754171777956,40.07377018873478,47.04539158640984,0.0019761999719776213,0.00018350000027567148
diabetes,RandomForest,42,2050.900231424388,2836.7505035020235,0.6624809258640015,0.46457733976829396,37.37082724407158,43.50335789484029,0.1878836000105366,0.005714999977499247
diabetes,GradientBoosting,42,403.4225812933789,3130.4290697076626,0.9336082691701058,0.409146959487498,15.546273568009836,46.33111067870889,0.1771813000086695,0.0007330999942496419
diabetes,RHM (original),42,3424.7287442910897,3333.9869672309305,0.4363883443821802,0.3707264107404258,48.480481756073495,46.72664162163332,0.10673810000298545,0.1576274000108242
diabetes,"ACGMT (top1, no-std)",42,3424.7287442910897,3333.9869672309305,0.4363883443821802,0.3707264107404258,48.480481756073495,46.72664162163332,0.0341169000021182,0.0004977000062353909
diabetes,"ACGMT (top3, std)",42,3424.7287442910897,3333.9869672309305,0.4363883443821802,0.3707264107404258,48.480481756073495,46.72664162163332,0.10291120002511889,0.00033660000190138817
diabetes,ACGMT (full),42,3501.0155431152084,3152.974296531119,0.4238337357701205,0.4048916591688976,49.47782231378303,46.56412967351483,0.07904430001508445,0.00025270000332966447
diabetes,Ridge,123,3357.299301277101,3553.204135737771,0.4247355674113532,0.43601432971666476,48.393846715169786,50.80702554227765,0.001410700031556189,0.00019200000679120421
diabetes,CART,123,2599.5039176592804,3941.8758058346475,0.5545818194894372,0.37432205311060485,40.997400650735855,49.64684313947965,0.002088200009893626,0.00016729999333620071
diabetes,RandomForest,123,2069.498920640678,2931.0882797493114,0.6453967860797183,0.5347602544172985,37.74975901205377,44.589004250156314,0.19801860000006855,0.006752900022547692
diabetes,GradientBoosting,123,426.64295950413634,3250.508581368723,0.9268958475272888,0.4840599664436879,16.013048944918616,45.768471114787786,0.1661411999957636,0.001019100018311292
diabetes,RHM (original),123,3388.6719660311583,3367.7912829147,0.4193599435634374,0.4654441592687607,48.29532879049662,46.77949833469663,0.07851200003642589,0.13280580000719056
diabetes,"ACGMT (top1, no-std)",123,3388.6719660311574,3367.7912829147,0.41935994356343753,0.4654441592687607,48.29532879049663,46.77949833469663,0.02761839999584481,0.0006907000206410885
diabetes,"ACGMT (top3, std)",123,3422.878732816677,3374.6492882296875,0.41349870376331654,0.46435561592122887,48.14878386916671,49.513577352951295,0.06762149999849498,0.0006187999970279634
diabetes,ACGMT (full),123,3482.614147512022,3725.443363007851,0.40326319707879377,0.40867549627786204,49.470064956255385,52.1569246780788,0.060701899987179786,0.00010900001507252455
diabetes,Ridge,456,3382.5223354665623,3369.036635061663,0.4254248046092277,0.43758206849341674,48.996907154050405,46.873051514233126,0.0008795000030659139,0.00012099999003112316
diabetes,CART,456,2326.129297148189,4201.649426395454,0.6048699571325173,0.2985879242996413,38.74421807851935,48.54473949692068,0.0015177999739535153,0.00014870002632960677
diabetes,RandomForest,456,1972.853745646223,3444.6928208963473,0.664879426073105,0.42495222793306264,36.89823925599688,47.55848331423835,0.27545749995624647,0.00906150002265349
diabetes,GradientBoosting,456,351.3671820472144,4389.558919806849,0.9403146979513333,0.2672188179221583,14.547119086795739,51.46957927338428,0.2081369999796152,0.0009487000061199069
diabetes,RHM (original),456,3366.4277765193933,3749.3385368242075,0.4281587213242293,0.3740954899530219,47.74079632912379,49.93161868083849,0.07149820000631735,0.11658560001524165
diabetes,"ACGMT (top1, no-std)",456,3366.4277765193933,3749.3385368242075,0.4281587213242293,0.3740954899530219,47.74079632912379,49.931618680838504,0.03575380000984296,0.0014666999923065305
diabetes,"ACGMT (top3, std)",456,3366.4277765193933,3749.3385368242075,0.4281587213242293,0.3740954899530219,47.74079632912379,49.931618680838504,0.06851479999022558,0.0004130000015720725
diabetes,ACGMT (full),456,3409.9888477305126,3829.4046357038937,0.42075918082744557,0.3607294703475715,48.23677946558334,51.29667618944673,0.08256360003724694,0.0002413999754935503
diabetes,Ridge,789,3223.786669211292,3759.863788289881,0.45665706710724163,0.3533537030615759,47.57829864969978,51.91951749649056,0.0011631000088527799,0.00015759997768327594
diabetes,CART,789,2253.0260452132447,5046.191983595864,0.6202708476397316,0.13212245347941165,37.922407048771205,57.409475180000996,0.0018633999861776829,0.00019569997675716877
diabetes,RandomForest,789,1946.3823540163194,3831.1998685798194,0.6719531391881239,0.34108485111506104,35.90923945281718,51.075520005716754,0.2217969999765046,0.007786799978930503
diabetes,GradientBoosting,789,311.65469422443255,4208.922457990174,0.9474731447874846,0.2761216164167921,14.056316580432481,53.737301502541406,0.17601250001462176,0.001211299968417734
diabetes,RHM (original),789,3261.2200511007322,3895.675887745027,0.45034797609382193,0.32999583795337006,47.215367307079305,51.130192493351906,0.060617800045292825,0.11057560000335798
diabetes,"ACGMT (top1, no-std)",789,3261.2200511007322,3895.675887745027,0.45034797609382193,0.32999583795337006,47.215367307079305,51.130192493351906,0.029339500004425645,0.00033919996349141
diabetes,"ACGMT (top3, std)",789,3228.179478660454,4270.520810702112,0.45591669492550213,0.26552752340663055,46.6416946317749,54.900493758837705,0.07369829999515787,0.00024089997168630362
diabetes,ACGMT (full),789,3335.6270853387728,3823.977780152632,0.4378072777291129,0.3423269537550949,48.40609111008783,52.43382698585596,0.14230700000189245,0.00038300000596791506
diabetes,Ridge,1024,3385.9666141339,3147.6021532880486,0.44236071905243424,0.41221327291524845,48.623561055903004,47.14048644696117,0.0008158999844454229,0.0001154000055976212
diabetes,CART,1024,2455.432892446737,4311.832734075832,0.5956115376792512,0.19480355932156024,39.30366402527755,53.29421802165696,0.0014427999849431217,0.00014269998064264655
diabetes,RandomForest,1024,2010.24017565874,3341.880351039154,0.6689309098893796,0.37593354617762476,36.75954010330554,47.01049173220056,0.26766989997122437,0.01275819999864325
diabetes,GradientBoosting,1024,422.05129833391004,3625.2684030764626,0.9304918183352764,0.3230133461364827,15.864097392667498,48.565938442387406,0.2279821999836713,0.0005520000122487545
diabetes,RHM (original),1024,3284.247337194202,3682.2769027940244,0.45911300013352485,0.3123675154904484,46.66965379187456,50.00254887508305,0.10538620001170784,0.16132779995677993
diabetes,"ACGMT (top1, no-std)",1024,3284.247337194202,3682.2769027940244,0.45911300013352485,0.3123675154904484,46.66965379187456,50.00254887508305,0.03436469996813685,0.0004965999978594482
diabetes,"ACGMT (top3, std)",1024,3284.247337194202,3682.2769027940244,0.45911300013352485,0.3123675154904484,46.66965379187456,50.00254887508305,0.055131400004029274,0.0003347999881953001
diabetes,ACGMT (full),1024,3527.7759031074347,3223.054699097083,0.4190059613283641,0.3981231805873551,50.00899700620042,47.823377770637556,0.08143309998558834,0.00014839996583759785
concrete,Ridge,42,110.64488700451416,95.97089554036005,0.6105238047320661,0.6275533521253212,8.330109393857855,7.74555396720402,0.002232500002719462,0.00022899999748915434
concrete,CART,42,72.64270313935539,112.1016129139652,0.7442936189944336,0.5649527941146217,6.6228138233559335,8.140172078187895,0.0029457000200636685,0.00016569998115301132
concrete,RandomForest,42,50.48184624305721,69.69561480969594,0.8223010756561702,0.7295232272109036,5.632548071212987,6.6144966356296555,0.2770903999917209,0.01014739996753633
concrete,GradientBoosting,42,8.087275289692837,25.10327021402653,0.9715323383195698,0.9025784974781806,2.069827958387047,3.572132209203737,0.2906660999869928,0.0010226999875158072
concrete,RHM (original),42,65.2159007922329,68.78455451808061,0.770436378949046,0.7330588965376648,6.436948891003987,6.6159036078948095,0.36876839998876676,0.27946190000511706
concrete,"ACGMT (top1, no-std)",42,65.21590079223292,68.78455451808061,0.770436378949046,0.7330588965376648,6.436948891003989,6.6159036078948095,0.2274422000045888,0.0032854999881237745
concrete,"ACGMT (top3, std)",42,31.368212445471187,38.09684912805068,0.889582136451367,0.8521526378133804,4.134844686578231,4.568387635112813,0.6197385999839753,0.0016444000066258013
concrete,ACGMT (full),42,35.54755769525302,45.12605911447892,0.8748706072459574,0.8248734748764103,4.466418221380219,5.104590245544418,0.5659423999604769,0.0008795000030659139
concrete,Ridge,123,108.11325561401813,104.60503160966601,0.613570787107127,0.6188469247944599,8.212460324929724,8.051412080004628,0.0014888999867253006,0.00017900002421811223
concrete,CART,123,74.71581837824475,87.58962432763599,0.732943248054327,0.6808465696645178,6.664780288897295,7.099039921421758,0.0031130999559536576,0.0002820999943651259
concrete,RandomForest,123,52.65603847518585,60.058576239870675,0.8117915200457197,0.7811624290530035,5.663588610544308,5.924949169676625,0.3777266999823041,0.01664300000993535
concrete,GradientBoosting,123,6.858656608243801,23.92793733577048,0.9754851034725246,0.9128129234462979,1.9330932211249658,3.3583121603093677,0.33930510003119707,0.0007963000098243356
concrete,RHM (original),123,67.57310815238748,75.84985258865785,0.7584734374360445,0.7236231936152642,6.533373560483684,6.721325501300479,0.25629090005531907,0.2923667000140995
concrete,"ACGMT (top1, no-std)",123,67.57310815238745,75.84985258865787,0.7584734374360445,0.7236231936152641,6.533373560483683,6.721325501300479,0.07616680004866794,0.0007593000191263855
concrete,"ACGMT (top3, std)",123,32.55585944678386,46.36385194177933,0.8836355905700755,0.8310623831946666,4.2987825296964,4.892979788521029,0.16833240003325045,0.0008095999946817756
concrete,ACGMT (full),123,38.15608377718746,44.67089537711229,0.8636187085722977,0.8372310692595979,4.635733867441367,4.954721176514899,0.3094023000448942,0.001049000013154
concrete,Ridge,456,109.85033109086348,97.54144493292266,0.6044896294345008,0.6547184813430176,8.31028733762407,7.858778467667242,0.0011260000173933804,0.00015889998758211732
concrete,CART,456,79.34610002751288,64.35692276725419,0.7143185176305862,0.7721865198485753,6.8692881340453065,6.332670892280449,0.004689900029916316,0.001140100008342415
concrete,RandomForest,456,51.090183258105874,46.76438221092375,0.8160524678258948,0.834461372599645,5.668084584566626,5.5966498736594215,0.453084199980367,0.013757499982602894
concrete,GradientBoosting,456,8.037227034345575,13.89218225976261,0.9710623845089398,0.9508238391238819,2.0677027499404086,2.7494138640824977,0.324508199992124,0.0009691999875940382
concrete,RHM (original),456,63.736009085242905,64.88418726194669,0.770521833467946,0.7703200856821908,6.319903226111691,6.56763112700463,0.3584306000266224,0.3830659000086598
concrete,"ACGMT (top1, no-std)",456,63.736009085242905,64.88418726194669,0.770521833467946,0.7703200856821908,6.31990322611169,6.567631127004629,0.09676499996567145,0.0006458000279963017
concrete,"ACGMT (top3, std)",456,32.99623702270209,39.67002549009551,0.8811987747099164,0.8595742901307155,4.31659021992165,4.503579002756174,0.27370080002583563,0.001899199967738241
concrete,ACGMT (full),456,37.61087065792169,41.58479086947623,0.8645840277085619,0.8527963189973267,4.585576618623433,4.644788922041776,0.28467409999575466,0.0011751999845728278
concrete,Ridge,789,109.77559619585503,97.44662489280049,0.6154562368042018,0.6083540786024382,8.321734792141735,7.863145709476539,0.0012150999973528087,0.00022710004122927785
concrete,CART,789,75.75762531629977,87.83417237123037,0.7346211422260791,0.6469873081149237,6.609729184901119,7.359772355079014,0.002285399998072535,0.0002340999781154096
concrete,RandomForest,789,49.50053161399541,56.97107749967919,0.8265997055203685,0.7710285998625465,5.605603855897549,6.176401631145513,0.24737090000417084,0.008843199990224093
concrete,GradientBoosting,789,7.460202997108854,21.17368176214041,0.9738669191138392,0.9149012486349858,1.9823441161254227,3.4581174627686573,0.24580869998317212,0.0005522000137716532
concrete,RHM (original),789,63.93771631140794,75.31532367256484,0.7760262672892453,0.6973015805570857,6.321179789270914,6.807289552744993,0.18851259996881709,0.2402517000446096
concrete,"ACGMT (top1, no-std)",789,63.93771631140793,75.3153236725648,0.7760262672892453,0.6973015805570858,6.321179789270914,6.807289552744991,0.06097290001343936,0.0003994999569840729
concrete,"ACGMT (top3, std)",789,31.588002092637222,41.884527627950185,0.8893472719121691,0.8316626724302061,4.164721977522907,4.702123897365621,0.26169080002000555,0.0009680999792180955
concrete,ACGMT (full),789,38.8871069351002,41.88740664138079,0.8637785176411961,0.8316511014407646,4.760121848961893,4.847397239063344,0.31635259999893606,0.0004256999818608165
concrete,Ridge,1024,106.57092708939118,110.17116694792544,0.6193951708611511,0.595464540881334,8.124453978710198,8.643462743781292,0.0013798000290989876,0.0002476999652571976
concrete,CART,1024,74.89813443591902,86.15174416467642,0.7325106158090349,0.6836610127220997,6.669954239184282,7.086188034871613,0.002917500038165599,0.0002057999954558909
concrete,RandomForest,1024,49.608576012954366,56.08530770863846,0.8228291325513704,0.7940614016147267,5.549117120509946,5.844425276396506,0.27506229997379705,0.01091790001373738
concrete,GradientBoosting,1024,7.51970125334614,18.316572620210984,0.973144320980671,0.9327437176198762,1.9574262716861974,3.1318391456998627,0.39520919998176396,0.0013427999801933765
concrete,RHM (original),1024,62.3201733083506,69.2298116467793,0.7774312416928442,0.7457963420459531,6.267609614929306,6.60448016510141,0.34149779996369034,0.3951353000011295
concrete,"ACGMT (top1, no-std)",1024,62.32017330835061,69.22981164677932,0.7774312416928442,0.745796342045953,6.267609614929308,6.60448016510141,0.09867910004686564,0.0011132999788969755
concrete,"ACGMT (top3, std)",1024,31.447347263263577,42.53721586809712,0.8876897052611269,0.8438083880970046,4.136488434871153,5.088205546986889,0.30195069999899715,0.0020753000280819833
concrete,ACGMT (full),1024,40.660251329686375,43.10574303475713,0.854786962704217,0.8417208237663577,4.76555743529641,5.146662388651708,0.5257637000177056,0.0008650000090710819
airfoil,Ridge,42,24.500317205016636,24.6710138722184,0.47777940388870255,0.5075506158529837,3.9089099306105006,3.9469214482986885,0.0032605999731458724,0.0005319999763742089
airfoil,CART,42,18.76568227489138,18.937240905977767,0.6000122895542597,0.6220004305500444,3.3487561631329816,3.4004411691601524,0.0019039000035263598,0.00023770000552758574
airfoil,RandomForest,42,15.468648040344165,17.0248067641719,0.6702880810453206,0.6601738522112655,3.06433735540239,3.256665936109317,0.2768899999791756,0.018846700026188046
airfoil,GradientBoosting,42,3.237794610009391,5.535839754817268,0.9309868922440385,0.8895010601462888,1.3190479388113192,1.72874671363216,0.1362562000285834,0.0021211999701336026
airfoil,RHM (original),42,16.08641525365515,15.454244578310117,0.6571204653081977,0.6915232886469995,3.121238676162374,3.1628630223327736,0.6911969999782741,0.5240634999936447
airfoil,"ACGMT (top1, no-std)",42,16.08641525365515,15.454244578310117,0.6571204653081977,0.6915232886469995,3.121238676162374,3.1628630223327736,0.06465799995930865,0.0012998000020161271
airfoil,"ACGMT (top3, std)",42,10.201819586143907,10.856090016877976,0.78254974165783,0.7833054259242967,2.371731601745004,2.4834667195728652,0.48476010002195835,0.0009829000337049365
airfoil,ACGMT (full),42,12.515473061093264,12.015730931645733,0.733234563949207,0.7601582436776794,2.6580711926464113,2.657558448009835,0.5051468000165187,0.0014001000090502203
airfoil,Ridge,123,23.914857383604417,26.271834189062577,0.48670445372863136,0.4891656568138516,3.8509035660384585,4.109913883373083,0.0034209000295959413,0.0005302999634295702
airfoil,CART,123,18.961999180823636,23.429032692393797,0.5930099196581055,0.5444416084245682,3.3680496196931946,3.7514669260434,0.0027797999791800976,0.00038539996603503823
airfoil,RandomForest,123,14.946705507503548,18.432708257775953,0.6791920083248691,0.6415910534361189,3.003038233321045,3.367242550738644,0.2171484000282362,0.009217999991960824
airfoil,GradientBoosting,123,2.872713855438063,5.605223827858251,0.9383416257075681,0.8910110039554309,1.2407700537391648,1.6896000433998457,0.16644190001534298,0.0009052999666891992
airfoil,RHM (original),123,17.02416274453417,17.602499359374832,0.6346025913681905,0.6577337869152526,3.2050818784588886,3.365559574976696,0.3771024000016041,0.38577799999620765
airfoil,"ACGMT (top1, no-std)",123,17.024162744534173,17.602499359374832,0.6346025913681905,0.6577337869152526,3.2050818784588886,3.3655595749766953,0.07131890003802255,0.0014047000440768898
airfoil,"ACGMT (top3, std)",123,10.496447050362802,10.664132143568095,0.7747099455287476,0.7926446665274008,2.3692754358256645,2.4278776663412143,0.33942939998814836,0.0019736000103875995
airfoil,ACGMT (full),123,14.336933379651054,14.276315584832313,0.6922798270162607,0.7224087118389273,2.8168005509302603,2.8855541945323915,0.5017439000075683,0.000602099986281246
airfoil,Ridge,456,24.076630345435532,25.695065466070645,0.49741683382616986,0.44244307808558236,3.8535312418303698,4.03804308058084,0.002006899972911924,0.0002927000168710947
airfoil,CART,456,19.121636889015246,20.687982793933884,0.6008489281005428,0.5510917058205056,3.364304595872251,3.5049585527424023,0.0022329000057652593,0.00027810002211481333
airfoil,RandomForest,456,14.629867666129105,16.061201412098196,0.6946115338045531,0.651488180351136,2.992597888440967,3.156313142199564,0.21809520001988858,0.00617680000141263
airfoil,GradientBoosting,456,3.0230314163524925,4.754340156046631,0.9368962899344663,0.8968356291351048,1.2529308269212416,1.6017342920277498,0.19859260000521317,0.0007223000284284353
airfoil,RHM (original),456,16.938859734854855,18.50869315658409,0.6464129060098438,0.5983800859090951,3.1990964783505573,3.3709484301349235,0.37454629997955635,0.436809099977836
airfoil,"ACGMT (top1, no-std)",456,16.93885973485485,18.508693156584094,0.646412906009844,0.598380085909095,3.199096478350557,3.370948430134924,0.10487699997611344,0.0013535000034607947
airfoil,"ACGMT (top3, std)",456,10.362026216103612,12.301324791238274,0.7836998006387185,0.7330736987174069,2.357169962223343,2.6585553140801084,0.4661719999858178,0.0015457000117748976
airfoil,ACGMT (full),456,13.452850083144998,13.963539765129939,0.7191809696023066,0.6970053156410194,2.8146563114130743,2.9087392864314032,0.6574045000015758,0.0014658999862149358
airfoil,Ridge,789,24.250496658064783,25.32968139397918,0.49394993196429804,0.4492717462867184,3.905569389825924,3.968168198480727,0.0021721000084653497,0.0002025999710895121
airfoil,CART,789,18.38921286302268,23.024027154988783,0.6162609553251825,0.4994022202139441,3.305533246930689,3.8295916664387484,0.002743299992289394,0.000324999971780926
airfoil,RandomForest,789,14.722425071455593,18.28059070636726,0.6927780773272143,0.602535948242999,3.0190602584382735,3.4018087232477576,0.2841760999872349,0.008497599977999926
airfoil,GradientBoosting,789,2.6452430700342777,5.934898573254418,0.9448000816463015,0.8709610169833888,1.2060213543485252,1.76707496336507,0.1720604000147432,0.0012561000185087323
airfoil,RHM (original),789,18.659446376516325,19.753667575871148,0.6106218259573513,0.5705077107255646,3.4103370041405707,3.3966589278342543,0.3417430999688804,0.6149322999990545
airfoil,"ACGMT (top1, no-std)",789,18.659446376516325,19.753667575871148,0.6106218259573513,0.5705077107255646,3.4103370041405707,3.3966589278342543,0.05831009999383241,0.0007260999991558492
airfoil,"ACGMT (top3, std)",789,9.126202378031914,12.369067922869595,0.8095579072284789,0.7310666853140072,2.2441369349455482,2.4870982742532552,0.4051437000161968,0.0035871000145561993
airfoil,ACGMT (full),789,13.447486384496393,16.529014431986,0.719383009109611,0.6406194332987921,2.7202341195755526,2.8797012125304264,0.673496300005354,0.002715200011152774
airfoil,Ridge,1024,24.80447774930266,22.803969948541006,0.48251209986833565,0.4977163768045786,3.9247721591374356,3.7911867933659606,0.0009315999923273921,0.00011799996718764305
airfoil,CART,1024,19.25447232114716,24.08821727990541,0.598300091204548,0.46942935467060865,3.501559709620588,3.833472066156762,0.0032085999846458435,0.00036040000850334764
airfoil,RandomForest,1024,15.11580719557005,18.525645858489987,0.6846437403968098,0.5919513775524448,3.055794454861429,3.3685758062220184,0.29778790002455935,0.012579299975186586
airfoil,GradientBoosting,1024,2.8610199365628963,5.734922406810129,0.9403114544813029,0.8736817487596498,1.2384610857583649,1.7558540417891606,0.15302000002702698,0.0006690999725833535
airfoil,RHM (original),1024,16.787519062398825,18.74738598167014,0.6497673494349105,0.5870672967222186,3.2010697346137973,3.4201042702254396,0.41197670000838116,0.45563989999936894
airfoil,"ACGMT (top1, no-std)",1024,16.78751906239883,18.74738598167014,0.6497673494349105,0.5870672967222186,3.2010697346137973,3.4201042702254396,0.08521780004957691,0.0010748999775387347
airfoil,"ACGMT (top3, std)",1024,11.775357688660554,11.723289264434642,0.7543344719775238,0.7417810924678508,2.6581069757365294,2.652222829074241,0.3671567999990657,0.0018440000130794942
airfoil,ACGMT (full),1024,13.390846849768183,14.067937915850463,0.7206310373752551,0.6901375136343879,2.764188866998478,2.864955174548383,0.5655410999897867,0.0008216999704018235
yacht,Ridge,42,94.94491025234912,64.13858081592767,0.6134765951723893,0.5683433012400796,7.102500286752909,5.741337208232515,0.0012188999680802226,0.00017359998309984803
yacht,CART,42,1.030665859515855,0.7848984028857412,0.9958041302456254,0.9947175841881513,0.6654970725323742,0.5608160415207316,0.0011062999838031828,0.0002573999809101224
yacht,RandomForest,42,0.7124600951902981,0.5063840105732575,0.9970995548780358,0.9965920036345023,0.532130711310536,0.4655949690122118,0.17934939998667687,0.008736299991142005
yacht,GradientBoosting,42,0.010352060807317596,0.13301516586613948,0.9999578564687713,0.9991047995348141,0.07097157222491342,0.19071554947865493,0.08646649995353073,0.00045000005047768354
yacht,RHM (original),42,91.02319133208404,60.82167737015111,0.6294420233960702,0.5906662708676483,5.916889795198931,4.177395718134757,0.042752199980895966,0.11150880000786856
yacht,"ACGMT (top1, no-std)",42,91.02319133208404,60.8216773701511,0.6294420233960702,0.5906662708676484,5.916889795198931,4.177395718134757,0.012317700020503253,0.00026439997600391507
yacht,"ACGMT (top3, std)",42,91.02319133208404,60.8216773701511,0.6294420233960702,0.5906662708676484,5.916889795198931,4.177395718134757,0.015857000020332634,0.00023820000933483243
yacht,ACGMT (full),42,100.54194512280743,67.63368609885728,0.5906909085113721,0.5448210219963658,7.243617768092811,5.7038502965550855,0.003711799974553287,0.00018830003682523966
yacht,Ridge,123,93.78028321990718,82.14729055018127,0.5942301552991212,0.6278905418600602,6.8871248842720485,6.315179502631543,0.0020741000189445913,0.0002770000137388706
yacht,CART,123,1.0363531257486458,0.9077766450154308,0.9955158927606967,0.9958879681456756,0.642822873942824,0.6528711616457047,0.001981200010050088,0.0003038999857380986
yacht,RandomForest,123,0.6783140974812045,0.40706827485663727,0.9970650610496883,0.9981560687617527,0.5172383849525409,0.45648347140760176,0.15445570001611486,0.008271200000308454
yacht,GradientBoosting,123,0.009189384066078384,0.17990693650227313,0.9999602392441421,0.9991850604906247,0.06788157542473251,0.24199619065185052,0.10089090000838041,0.0004889999981969595
yacht,RHM (original),123,88.48757595871004,76.73969020128271,0.6171307153068915,0.6523858018033786,5.655678544355023,4.920720716442439,0.042974799987860024,0.09174430003622547
yacht,"ACGMT (top1, no-std)",123,88.48757595871004,76.73969020128271,0.6171307153068915,0.6523858018033786,5.655678544355023,4.920720716442439,0.011917199997697026,0.00025969999842345715
yacht,"ACGMT (top3, std)",123,88.48757595871004,76.73969020128271,0.6171307153068915,0.6523858018033786,5.655678544355023,4.920720716442439,0.022537100012414157,0.00031969998963177204
yacht,ACGMT (full),123,99.98784422714367,90.36024094297812,0.5673711932721981,0.5906876530012127,6.934277523155385,6.560273050024484,0.003116199979558587,0.00015609996626153588
yacht,Ridge,456,97.82546897362033,47.70043505766685,0.6125536230446094,0.6440478505683007,7.130728051806996,5.545573606574777,0.0013721000286750495,0.00020189996575936675
yacht,CART,456,0.9828263163174326,1.0392905505398649,0.9961074299011408,0.992244563285398,0.6733479751879312,0.7243985816949751,0.0013898999895900488,0.00016739999409765005
yacht,RandomForest,456,0.7016040259772983,0.7128203658310474,0.9972212355251215,0.9946807625324694,0.5657101649228313,0.5803010816371021,0.1752439999836497,0.015054300019983202
yacht,GradientBoosting,456,0.012768744382182095,0.1855991439581299,0.9999494282644279,0.9986150144302728,0.07768459685088512,0.2506732863483825,0.11329339997610077,0.00044020003406330943
yacht,RHM (original),456,94.73329850004401,49.35492254898782,0.6248004362670294,0.6317016659259259,6.2494529275813395,4.996150310326833,0.05826799996430054,0.10810330003732815
yacht,"ACGMT (top1, no-std)",456,94.73329850004403,49.35492254898781,0.6248004362670294,0.631701665925926,6.2494529275813395,4.996150310326832,0.02435889997286722,0.0007453999714925885
yacht,"ACGMT (top3, std)",456,94.73329850004403,49.35492254898781,0.6248004362670294,0.631701665925926,6.2494529275813395,4.996150310326832,0.03859630000079051,0.0003326000296510756
yacht,ACGMT (full),456,100.38667107627622,49.444003903418896,0.6024097567719914,0.6310369193770592,7.341614758661518,5.679573459363971,0.004882999986875802,0.00023140001576393843
yacht,Ridge,789,84.83715639327653,131.66319295138507,0.5974711608301952,0.559872677002822,6.4380890897938725,7.96640526993686,0.0019239999819546938,0.00028169999131932855
yacht,CART,789,0.85177013790845,1.7192704930469327,0.9959585863149114,0.9942527755658167,0.6023386008276893,0.8040328791892885,0.002217400004155934,0.00039300002390518785
yacht,RandomForest,789,0.590339050035167,1.3846013935241448,0.9971990045089949,0.9953715165864544,0.48470852876917025,0.6115066817413987,0.15070230001583695,0.010234499990474433
yacht,GradientBoosting,789,0.011327640308295481,0.7993405769628394,0.999946253480224,0.9973279424536546,0.07681646233590438,0.3927260888710968,0.10026490001473576,0.00044299999717622995
yacht,RHM (original),789,80.28139423225245,122.7030690117965,0.6190869920552513,0.5898248244090463,5.308092377993615,6.389675670248966,0.039433799975086004,0.07227870001224801
yacht,"ACGMT (top1, no-std)",789,80.28139423225245,122.7030690117965,0.6190869920552513,0.5898248244090463,5.308092377993615,6.389675670248967,0.01036519999615848,0.0002400000230409205
yacht,"ACGMT (top3, std)",789,80.28139423225245,122.7030690117965,0.6190869920552513,0.5898248244090463,5.308092377993615,6.389675670248967,0.037106100004166365,0.0003380000125616789
yacht,ACGMT (full),789,89.48284985597955,141.1623761909086,0.5754286304557472,0.5281185474230018,6.523784424288529,8.07397031646458,0.0024361000396311283,0.00012370001059025526
yacht,Ridge,1024,92.52910244489763,88.55599121162476,0.5965277807255437,0.6112624525223784,6.820634111653552,6.657629356734787,0.0017009000293910503,0.0002666999935172498
yacht,CART,1024,0.8886588805133957,1.6004527903342354,0.9961250119019341,0.9929744325137588,0.6392067856439054,0.6643888685100429,0.0019557999912649393,0.0003282999969087541
yacht,RandomForest,1024,0.6006171894867978,1.8744316367835478,0.9973810147945514,0.991771737322025,0.49886282405038734,0.6354996078393214,0.16182540002046153,0.008036299957893789
yacht,GradientBoosting,1024,0.013093199976840468,0.8163461824703855,0.9999429072333733,0.9964164546235174,0.08090500155232298,0.3249943424265501,0.0909090000204742,0.0006807000027038157
yacht,RHM (original),1024,89.20190284146032,69.47922141793148,0.6110360010853746,0.6950044625426108,5.724298067014255,4.4462874819718055,0.03668760001892224,0.07052779995137826
yacht,"ACGMT (top1, no-std)",1024,89.20190284146032,69.47922141793148,0.6110360010853746,0.6950044625426108,5.724298067014254,4.446287481971805,0.01664009998785332,0.00030129996594041586
yacht,"ACGMT (top3, std)",1024,89.20190284146032,69.47922141793148,0.6110360010853746,0.6950044625426108,5.724298067014254,4.446287481971805,0.020707299991045147,0.0008592000231146812
yacht,ACGMT (full),1024,96.3904465253829,93.54251057465292,0.5796904287533525,0.5893729419301377,6.888383627967467,6.827965200059088,0.0030270999995991588,0.000172399973962456
friedman1,Ridge,42,6.149790983605928,5.92712087439067,0.7433758162514925,0.7506269604069137,1.9240188409660874,1.8909024273989508,0.002381900034379214,0.0003781999694183469
friedman1,CART,42,7.399585974264599,8.231032231091213,0.6912232113604078,0.6536939991683748,2.175370244731899,2.289784547353788,0.0310264999861829,0.0003963999915868044
friedman1,RandomForest,42,5.708599693730894,6.239194557807806,0.7617862557189401,0.737497016769862,1.9112839592384643,1.9767352591067253,2.378376200038474,0.030360100034158677
friedman1,GradientBoosting,42,0.40276400322913236,0.83125506822349,0.9831930900013527,0.9650264255727093,0.49828439430059895,0.7083450720202145,3.346676099987235,0.0020290000247769058
friedman1,RHM (original),42,5.930329674275954,6.065728353399668,0.7525337013765835,0.744795297938184,1.8977843411366297,1.9181866041806883,0.8070025999913923,1.4323842999874614
friedman1,"ACGMT (top1, no-std)",42,5.930329674275954,6.065728353399667,0.7525337013765835,0.744795297938184,1.8977843411366297,1.9181866041806883,0.3412279000040144,0.0014037999790161848
friedman1,"ACGMT (top3, std)",42,2.5658596904844773,2.8067849735821038,0.8929294263107316,0.8819095282212672,1.3242961395395598,1.3766812172582454,1.2586591000435874,0.001913399959448725
friedman1,ACGMT (full),42,2.64551724797817,2.744220419029122,0.8896054018478331,0.8845418202683344,1.3510189965665664,1.3634106798317949,2.5848171999678016,0.0030291000148281455
friedman1,Ridge,123,6.005842464703034,5.580554630455725,0.7377518635276712,0.763673384396456,1.8866953515433098,1.8232981885046988,0.0018904000171460211,0.00042050000047311187
friedman1,CART,123,7.245396117581571,8.074732125130506,0.683626128889219,0.6580493801417244,2.151198922806047,2.2670496632111177,0.024169100041035563,0.0005080000264570117
friedman1,RandomForest,123,5.656162218255606,6.337264639491638,0.7530208276290393,0.7316280542687263,1.9010018091113507,1.984155364148421,2.0142592000192963,0.010354699974413961
friedman1,GradientBoosting,123,0.367074304402099,0.7274009772177356,0.9839715155963408,0.9691958555168665,0.48015664908084055,0.6836144203084155,3.2513773999526165,0.0023527000448666513
friedman1,RHM (original),123,5.349572711003225,5.572402031591316,0.7664082128978739,0.7640186325349626,1.7891981654824525,1.819816321114552,0.7858648000401445,1.5656841999734752
friedman1,"ACGMT (top1, no-std)",123,5.349572711003225,5.572402031591316,0.7664082128978739,0.7640186325349626,1.7891981654824525,1.819816321114552,0.45796819997485727,0.003525200008880347
friedman1,"ACGMT (top3, std)",123,2.5787915396834022,2.7764496615316228,0.8873957684359576,0.8824222688686787,1.3333236920019345,1.3779517319440746,1.3003759999992326,0.001581899996381253
friedman1,ACGMT (full),123,2.6266984418953876,2.827202767947989,0.8853038894193014,0.880272964603241,1.3488235399003283,1.4020873440322248,1.9439404999720864,0.001880299998447299
friedman1,Ridge,456,6.103455772981388,5.821806973073442,0.7542767151873513,0.7460503380209068,1.9175947890371527,1.8371450012628976,0.003124999988358468,0.0007243000436574221
friedman1,CART,456,7.6536249308240185,8.35448227984143,0.6918673733901088,0.6355739788713721,2.2249603000419267,2.299687813202821,0.06082549999700859,0.0007069999701343477
friedman1,RandomForest,456,5.926565927187925,6.4172748664055215,0.7613982469187331,0.7200757787594112,1.9416972369945247,2.0339401996329753,2.2290747000370175,0.015708699997048825
friedman1,GradientBoosting,456,0.39429843096674466,0.7211773180241627,0.9841256643355188,0.9685419429077119,0.494468768334709,0.6672488179683121,2.831372199987527,0.0023469000007025898
friedman1,RHM (original),456,5.857911031608887,5.9611659376976895,0.7641622722656245,0.7399714415333097,1.8864274562053756,1.881544434255025,0.9787735000136308,1.690006299992092
friedman1,"ACGMT (top1, no-std)",456,5.857911031608888,5.9611659376976895,0.7641622722656245,0.7399714415333097,1.8864274562053756,1.8815444342550247,0.48639219999313354,0.003972899983637035
friedman1,"ACGMT (top3, std)",456,2.643173283243444,2.886688762240931,0.8935866424456201,0.8740814254405058,1.3558752564117162,1.4069526396846497,1.7260333999875002,0.0018610000261105597
friedman1,ACGMT (full),456,2.7307521923558196,2.9280713305740447,0.8900607420331577,0.8722763004529157,1.3718862427632534,1.41718919473477,2.3810102999559604,0.00179569999454543
friedman1,Ridge,789,5.884093676412785,5.916955676590503,0.7479539466422936,0.7534930943429785,1.8649283891002746,1.889443829537164,0.002166600024793297,0.00043889996595680714
friedman1,CART,789,7.295169171015697,7.573088804489229,0.6875103118255785,0.6844967599053946,2.1620051678876697,2.215530511673684,0.05534939997596666,0.000867099966853857
friedman1,RandomForest,789,5.838168465954713,6.23639794602474,0.7499211600624301,0.7401847767421166,1.9322522159188886,2.01366518791418,2.09776629996486,0.020764200016856194
friedman1,GradientBoosting,789,0.3668061168292105,0.6506496040062217,0.98428780383547,0.9728932191963012,0.48226563746314854,0.6407825717704198,3.338488299981691,0.0034568000119179487
friedman1,RHM (original),789,5.52972791400196,6.069594281043741,0.7631332583209607,0.747134001572276,1.8200267861863149,1.9065589298689964,1.3054462999571115,2.729478800029028
friedman1,"ACGMT (top1, no-std)",789,5.52972791400196,6.069594281043741,0.7631332583209607,0.747134001572276,1.8200267861863149,1.9065589298689964,0.40119780000532046,0.0042696999735198915
friedman1,"ACGMT (top3, std)",789,2.5545779855199524,2.7405367619523657,0.890574260939143,0.8858262130134011,1.324689279737295,1.3710771787538512,1.9445982000324875,0.00652360002277419
friedman1,ACGMT (full),789,2.6394635410429,2.771564842772269,0.8869381751741593,0.8845335489122231,1.3424368552932529,1.366710520874696,2.4405430000042543,0.001524799969047308
friedman1,Ridge,1024,6.039815844668968,5.763074083309366,0.743181943006441,0.7613826011002178,1.8905291493891774,1.8994286177285866,0.0036560000153258443,0.0006833000225014985
friedman1,CART,1024,7.308825678030311,8.14802015737014,0.6892225760172571,0.662635019430777,2.168670317284277,2.2650807295328796,0.03858970000874251,0.0006818000110797584
friedman1,RandomForest,1024,5.485294178613369,6.072341550777761,0.7667606713153395,0.7485775256170905,1.8646071568009626,1.9457301969553022,2.304027499980293,0.023906400019768625
friedman1,GradientBoosting,1024,0.38329648683720124,0.7029331361751472,0.9837019105327734,0.9708953808106763,0.48378399988747794,0.6630745663012799,3.647045799996704,0.002624399960041046
friedman1,RHM (original),1024,5.500693564854866,5.6908056082855465,0.7661058764415976,0.7643748436574634,1.8097108016540253,1.8765896842402645,1.202692799968645,1.646807799988892
friedman1,"ACGMT (top1, no-std)",1024,5.500693564854866,5.690805608285547,0.7661058764415976,0.7643748436574634,1.8097108016540253,1.8765896842402645,0.5289344000048004,0.0029289000085555017
friedman1,"ACGMT (top3, std)",1024,2.5636840372018734,2.897065008923063,0.8909899953720073,0.8800483722958092,1.3266187672059422,1.3898722719966636,1.6478345000068657,0.004696500021964312
friedman1,ACGMT (full),1024,2.675421426555714,2.976163559739709,0.886238827461364,0.8767733336307203,1.3512762808352228,1.4145869173341312,2.037507999979425,0.0010518000344745815
