experiment,dataset,model,seed,train_mse,test_mse,train_r2,test_r2,train_mae,test_mae,fit_time_s,predict_time_s
main,scaling,Ridge,42,6.7513518237210794,6.313619491915642,0.6669795982105395,0.6917052572018454,2.063649715604969,2.0183178641041692,0.0008824248798191547,8.133286610245705e-05
main,scaling,CART,42,8.979770502371847,10.711964656354874,0.5570595550701428,0.47693357307602946,2.362005846518198,2.609111960190399,0.006914658937603235,0.0001293933019042015
main,scaling,RandomForest,42,5.989052319880553,6.876043871972531,0.7045811473048897,0.6642420120989256,1.8966313430733739,2.0390781325901246,0.44054064620286226,0.006710445042699575
main,scaling,GradientBoosting,42,0.30849743706854066,0.6326640116576989,0.9847829082047512,0.9691069458649814,0.440342308532704,0.6205924745485896,0.5192984039895236,0.001279669813811779
main,scaling,RHM (original),42,3.2874009814959355,3.28015866576698,0.8378440904450677,0.8398294871120052,1.4311819925120457,1.4165041659413127,0.19532792968675494,0.27222168212756515
main,scaling,"ACGMT (top1, no-std)",42,3.2874009814959355,3.2801586657669795,0.8378440904450677,0.8398294871120052,1.4311819925120457,1.4165041659413127,0.0677177719771862,0.0003806035965681076
main,scaling,"ACGMT (top3, std)",42,2.4631639945882764,2.5754405269353295,0.8785007973856395,0.8742409522999997,1.2342089271084602,1.2792471704934674,0.18727336404845119,0.00039654411375522614
main,scaling,ACGMT (full),42,2.4479193723697934,2.4918711368290025,0.8792527608958938,0.8783216549241629,1.2297085326747024,1.251071099406262,0.29772784700617194,0.0003165341913700104
main,scaling,Ridge,123,6.702918498271788,6.6909035004199096,0.6842220322929958,0.674753696143954,2.065101399682072,2.0201623850761794,0.0003098510205745697,3.6047305911779404e-05
main,scaling,CART,123,9.217610134465394,11.057347505068071,0.5657536047726915,0.4624998841711646,2.4076815007984296,2.6441081044496286,0.0044182357378304005,8.279504254460335e-05
main,scaling,RandomForest,123,6.105804910301753,7.049682865621435,0.7123523631851334,0.6573133515889487,1.9135868603172574,2.0713590362061383,0.2778062056750059,0.004017454106360674
main,scaling,GradientBoosting,123,0.3021275481663989,0.6818527967878688,0.9857666144720566,0.966854984246112,0.43655633028036345,0.6362521813682183,0.4398606321774423,0.0012090769596397877
main,scaling,RHM (original),123,2.729707329647104,2.8255218859832723,0.8714020716180392,0.8626507541436296,1.2896135587406874,1.3116751426752657,0.188997657969594,0.2731754807755351
main,scaling,"ACGMT (top1, no-std)",123,2.729707329647104,2.8255218859832723,0.8714020716180392,0.8626507541436296,1.2896135587406874,1.3116751426752657,0.06617174297571182,0.0003629508428275585
main,scaling,"ACGMT (top3, std)",123,2.652539662822505,2.6060228876257034,0.8750374804341908,0.8733206491602628,1.2878063529379065,1.2778720833805495,0.1929999440908432,0.00037645595148205757
main,scaling,ACGMT (full),123,2.6764581663573037,2.60751356617654,0.8739106673245344,0.8732481869451274,1.2895549241122826,1.2734986951045684,0.2904879502020776,0.000295453704893589
main,scaling,Ridge,456,6.968537079497421,6.443247317028028,0.660828279872939,0.6918808759410249,2.1126332040372335,2.0148182409810818,0.00031177373602986336,3.113783895969391e-05
main,scaling,CART,456,9.192165714955244,10.521944617350924,0.5526001194128367,0.4968356483341376,2.4098785967318825,2.585896130825003,0.004362601786851883,8.175289258360863e-05
main,scaling,RandomForest,456,6.262192385499494,6.786659217031851,0.6952073959101859,0.6754587569978376,1.9527701385007579,2.0447345258895364,0.278171441052109,0.003992356825619936
main,scaling,GradientBoosting,456,0.3036360603001028,0.5668310170123237,0.9852214656118301,0.9728938735612815,0.4391975920745223,0.5925346042158504,0.44085761392489076,0.00122828409075737
main,scaling,RHM (original),456,3.040273639842615,2.9605574208132857,0.8520242013038481,0.8584247485244683,1.352119615812284,1.355451962217912,0.19086485961452127,0.2748084641061723
main,scaling,"ACGMT (top1, no-std)",456,3.040273639842615,2.9605574208132857,0.8520242013038481,0.8584247485244683,1.352119615812284,1.355451962217912,0.0662158951163292,0.00040288595482707024
main,scaling,"ACGMT (top3, std)",456,3.1393796701825605,3.1519833484937414,0.84720052563105,0.8492706704242527,1.4012623601741172,1.3951392161942167,0.16582052130252123,0.0003103017807006836
main,scaling,ACGMT (full),456,2.776017496460765,2.7545646636807346,0.8648860415556086,0.8682754192759133,1.310899185133371,1.3047248408578604,0.26264119520783424,0.00027247099205851555
main,scaling,Ridge,789,6.951887283090692,6.914365810201268,0.682598417563473,0.6601607056603811,2.0978022901365923,2.0731508149658597,0.0003115241415798664,3.192014992237091e-05
main,scaling,CART,789,9.464100609578825,9.96760617221296,0.567898559413448,0.5100947301887866,2.4517910274618644,2.4937529741763718,0.004454585257917643,8.50302167236805e-05
main,scaling,RandomForest,789,6.4658340502634,6.571405747671981,0.7047900986085639,0.6770171041842585,1.981635852139243,2.0165000425994877,0.27869098586961627,0.004017625004053116
main,scaling,GradientBoosting,789,0.2885596676050962,0.5712480166149434,0.9868252617748865,0.9719233074748647,0.4290897570250335,0.6019927276373408,0.43953478429466486,0.0012591816484928131
main,scaling,RHM (original),789,2.8583148594614305,2.976472777333412,0.8694982207635051,0.8537071314945907,1.3229932300772376,1.3529576746296244,0.19268910214304924,0.2747851009480655
main,scaling,"ACGMT (top1, no-std)",789,2.8583148594614305,2.976472777333412,0.8694982207635051,0.8537071314945907,1.3229932300772376,1.3529576746296241,0.0666593280620873,0.00038047414273023605
main,scaling,"ACGMT (top3, std)",789,3.2318219999832465,3.2536110846303625,0.8524450447516725,0.8400858552457526,1.4200873135174046,1.442735706392091,0.1244361069984734,0.00029158685356378555
main,scaling,ACGMT (full),789,3.551356071824572,3.728710445526436,0.8378561114282694,0.8167348443244161,1.4723596680292834,1.5311501371026115,0.1686463812366128,0.00021190708503127098
main,scaling,Ridge,1024,6.718025721448015,6.096190108769864,0.6831965609611654,0.7016490823174002,2.07150671149647,1.971253444757562,0.00030402978882193565,3.07280570268631e-05
main,scaling,CART,1024,9.236950496827331,10.986418927947717,0.5644110628686858,0.46231857755169214,2.410455529521738,2.667604451258199,0.004474451765418053,8.174311369657516e-05
main,scaling,RandomForest,1024,6.193379308079062,6.879369374787423,0.7079374290266198,0.6633198556106771,1.9237374229077007,2.0309448220262576,0.278405852150172,0.0040154107846319675
main,scaling,GradientBoosting,1024,0.27994991063107205,0.6218386668338083,0.9867983395533321,0.9695668715065994,0.42462104355041813,0.6140559622201204,0.43954724771901965,0.0012222523801028728
main,scaling,RHM (original),1024,3.068115055771138,3.0552690470486503,0.855316213224379,0.8504734419874997,1.365608747435745,1.3648112273725723,0.1889722216874361,0.2749230000190437
main,scaling,"ACGMT (top1, no-std)",1024,3.068115055771138,3.0552690470486503,0.855316213224379,0.8504734419874997,1.365608747435745,1.364811227372572,0.06563014723360538,0.0003775777295231819
main,scaling,"ACGMT (top3, std)",1024,2.9827728568524603,3.2286960696923264,0.8593407143551585,0.8419858275211684,1.358573258700261,1.4247840368975648,0.15084876213222742,0.00031055184081196785
main,scaling,ACGMT (full),1024,3.273817032894393,3.4075388808532208,0.8456158791572315,0.8332331613675934,1.4221049616775898,1.4604924178499314,0.21757872309535742,0.00023624300956726074
main,correlated,Ridge,42,0.7609772034999615,0.684277067641943,0.9481852391325577,0.9539825917464564,0.633912846267053,0.6021258541368711,0.0003141588531434536,3.067776560783386e-05
main,correlated,CART,42,2.4311702620337354,2.8570783482200293,0.8344621820785969,0.807862418631867,1.227821939975488,1.3393556414927081,0.0044378130696713924,8.115218952298164e-05
main,correlated,RandomForest,42,1.834930974218553,2.1091092312777855,0.8750599765668248,0.8581630963003233,1.0565050489055052,1.150015999206637,0.2785877948626876,0.0034456122666597366
main,correlated,GradientBoosting,42,0.20628424459988684,0.3344728046641171,0.9859541537440225,0.9775068136435192,0.36205190188880465,0.45286415825547593,0.4361250218935311,0.0011286670342087746
main,correlated,RHM (original),42,0.2824057983281013,0.25627321370849176,0.9807710548480965,0.9827657104741055,0.42249690996480765,0.3958069574063103,0.17170647205784917,0.27461588475853205
main,correlated,"ACGMT (top1, no-std)",42,0.28240579832810125,0.25627321370849165,0.9807710548480965,0.9827657104741055,0.42249690996480765,0.3958069574063102,0.060811791103333235,0.0003519998863339424
main,correlated,"ACGMT (top3, std)",42,0.2530431359959491,0.24474432078462605,0.9827703516997951,0.9835410247400317,0.4023215765747163,0.39139031326699864,0.17357570677995682,0.0003449171781539917
main,correlated,ACGMT (full),42,0.2552074544026579,0.23660489882803604,0.9826229837626627,0.9840883981956627,0.40419417152166787,0.3831158645654529,0.23905862867832184,0.00017325486987829208
main,correlated,Ridge,123,0.7312600637497815,0.6884419783513647,0.9500818240764348,0.9513793131700645,0.6271090616229776,0.616174565291929,0.0003103017807006836,3.152899444103241e-05
main,correlated,CART,123,2.458610079567995,2.5201948598922437,0.832167327927099,0.8220131704829081,1.2524785603357358,1.2674097886224833,0.0044014947488904,8.180271834135056e-05
main,correlated,RandomForest,123,1.7184679786625543,1.8246120913774586,0.8826918204202062,0.8711381701426413,1.0338037036657926,1.0606419439943457,0.2765203779563308,0.003513710107654333
main,correlated,GradientBoosting,123,0.20526470129015353,0.3300554654202357,0.9859879679229878,0.9766900858382642,0.358918040970799,0.45314983166949024,0.4347348650917411,0.001138885971158743
main,correlated,RHM (original),123,0.25527172440377427,0.276518970210421,0.9825743268656612,0.9804710597611535,0.40186750477834676,0.4137339278980961,0.1701668039895594,0.2753095771186054
main,correlated,"ACGMT (top1, no-std)",123,0.25527172440377427,0.276518970210421,0.9825743268656612,0.9804710597611535,0.40186750477834676,0.4137339278980961,0.09359148889780045,0.0005539590492844582
main,correlated,"ACGMT (top3, std)",123,0.2513527593357231,0.2769230682504681,0.9828418480901926,0.9804425206469338,0.3981047698841266,0.4150308281769359,0.26506544509902596,0.0005672639235854149
main,correlated,ACGMT (full),123,0.2591009907336952,0.2649243592244186,0.982312928766967,0.9812899202713962,0.40473988701981267,0.40574312393024137,0.4172275820747018,0.00022842921316623688
main,correlated,Ridge,456,0.7695716271940917,0.7109757500390163,0.9490413523610058,0.9542003521769965,0.6431681423595184,0.6199110858088629,0.0004896181635558605,4.835100844502449e-05
main,correlated,CART,456,2.4147062882823715,2.9702961535578027,0.8401056346829031,0.8086594124265083,1.2360193590346835,1.3442772917601693,0.006768323946744204,0.00013265805318951607
main,correlated,RandomForest,456,1.721832595343636,2.2413538366454087,0.8859855828633325,0.8556164308565177,1.0397755441092156,1.1306298012104399,0.43206065194681287,0.005672989878803492
main,correlated,GradientBoosting,456,0.20919455755039548,0.37225994169386,0.9861477848591249,0.976019752815402,0.36413098220965506,0.46593456570246167,0.6798864938318729,0.0019215741194784641
main,correlated,RHM (original),456,0.29065289388006965,0.27485482241875164,0.9807538663314663,0.9822943974269978,0.425321915692176,0.4150025928195473,0.24447729298844934,0.35435147024691105
main,correlated,"ACGMT (top1, no-std)",456,0.29065289388006965,0.2748548224187517,0.9807538663314663,0.9822943974269978,0.4253219156921759,0.4150025928195473,0.06079928809776902,0.0003508678637444973
main,correlated,"ACGMT (top3, std)",456,0.2576893514297046,0.24692069755654455,0.9829366099323261,0.9840938583521597,0.4049113591249497,0.39567154716555436,0.17136617377400398,0.0003203507512807846
main,correlated,ACGMT (full),456,0.26582018097851423,0.24425485990959794,0.9823982116035037,0.984265586326534,0.41199668134595524,0.396294340505371,0.25808699801564217,0.00011782115325331688
main,correlated,Ridge,789,0.7318635340452497,0.6704112108828837,0.9525150307717261,0.9567652481789556,0.6310935218940654,0.6236643985670088,0.00031220586970448494,3.082817420363426e-05
main,correlated,CART,789,2.5728615283601592,2.798333875510858,0.8330668972841071,0.8195357287346008,1.283968319475272,1.3267926498622973,0.004432854242622852,8.092168718576431e-05
main,correlated,RandomForest,789,1.8977819804954548,2.056943999259157,0.8768675924489663,0.8673478875738967,1.0828122744943367,1.128929599661335,0.27611839585006237,0.003512678202241659
main,correlated,GradientBoosting,789,0.20845111646001477,0.3146918377218875,0.9864752178647404,0.9797055549144285,0.3660529194393395,0.4483552887779952,0.43471029214560986,0.001170626375824213
main,correlated,RHM (original),789,0.2771917127805802,0.29021689782458304,0.9820151717643789,0.9812839413362506,0.42004613733561075,0.431589491149322,0.179502974729985,0.2724661659449339
main,correlated,"ACGMT (top1, no-std)",789,0.2771917127805802,0.29021689782458293,0.9820151717643789,0.9812839413362507,0.42004613733561075,0.43158949114932194,0.06318034371361136,0.0003365310840308666
main,correlated,"ACGMT (top3, std)",789,0.2494968852268478,0.2647564142834822,0.9838120751117864,0.9829258853689193,0.40058999348394037,0.41033945229368146,0.1629094136878848,0.0003119753673672676
main,correlated,ACGMT (full),789,0.2525182799800038,0.263228481244514,0.9836160401541665,0.983024421617518,0.4023933764397902,0.41053805184415953,0.24735389789566398,0.0001437491737306118
main,correlated,Ridge,1024,0.7391498274601811,0.798918488104528,0.9492054682998505,0.9471194046433594,0.628467733958659,0.6542977600900985,0.0003054826520383358,3.119884058833122e-05
main,correlated,CART,1024,2.4797905470569797,2.7764036815774342,0.8295882717242435,0.816229212593996,1.2412027341136707,1.3227047258776552,0.004394762217998505,8.772499859333038e-05
main,correlated,RandomForest,1024,1.8587405788770324,2.108349618288316,0.8722669562400598,0.8604478620847176,1.0714519486360028,1.1522529490763247,0.27497282810509205,0.003475688863545656
main,correlated,GradientBoosting,1024,0.20158521504937948,0.3246760274919067,0.9861470215973787,0.9785096203336896,0.3588643145473413,0.4569049458386157,0.4336724770255387,0.0011133183725178242
main,correlated,RHM (original),1024,0.2671676365576276,0.286442223234531,0.9816401837892447,0.9810403244818389,0.41488617873491723,0.4306012467120923,0.16597172804176807,0.27249911800026894
main,correlated,"ACGMT (top1, no-std)",1024,0.2671676365576276,0.2864422232345311,0.9816401837892447,0.9810403244818389,0.41488617873491723,0.43060124671209243,0.05930955521762371,0.00033320486545562744
main,correlated,"ACGMT (top3, std)",1024,0.24311155970751316,0.26406375513452907,0.9832933224530838,0.9825215603449684,0.3985347762606585,0.4143643032243751,0.17280807998031378,0.00034385500475764275
main,correlated,ACGMT (full),1024,0.24830355694350326,0.2554570606069098,0.9829365273103495,0.9830912394016555,0.4015303777001127,0.40935488015867294,0.24463796569034457,0.00012227986007928848
main,irrelevant,Ridge,42,1.7414024642844523,2.0196171222704025,0.9553914388460264,0.9490925961291562,0.9108267391775352,0.9672602999219095,0.0006481446325778961,4.2940955609083176e-05
main,irrelevant,CART,42,6.8719847468774535,7.688228085581431,0.8239640989848843,0.8062069647320724,2.0854147136975607,2.2010874635393476,0.01627180725336075,9.217206388711929e-05
main,irrelevant,RandomForest,42,4.747138593566925,5.350854377067017,0.8783951288684249,0.8651238881748041,1.6729028263758707,1.783813060292225,1.1054635248146951,0.0037015522830188274
main,irrelevant,GradientBoosting,42,0.23736355027680173,0.4823828680237086,0.9939195868471463,0.9878408341798703,0.38773499969993636,0.5386795005122451,1.673952932935208,0.0012744204141199589
main,irrelevant,RHM (original),42,0.25519496898027944,0.3357607365839217,0.9934628090786464,0.9915366594822516,0.4039215691905952,0.45680020522746034,0.21689398307353258,0.2950631086714566
main,irrelevant,"ACGMT (top1, no-std)",42,0.25519496898027944,0.3357607365839216,0.9934628090786464,0.9915366594822516,0.4039215691905952,0.4568002052274603,0.07810266129672527,0.00042729126289486885
main,irrelevant,"ACGMT (top3, std)",42,0.2504458627666014,0.3294634259772354,0.9935844643532337,0.9916953924078242,0.3986934805856162,0.459084711793516,0.21911591105163097,0.0004016328603029251
main,irrelevant,ACGMT (full),42,0.2664576074426171,0.32336634710233964,0.9931743001860115,0.9918490781996974,0.40888584346090634,0.45256385858215376,0.3373077791184187,0.00030564330518245697
main,irrelevant,Ridge,123,1.8825613743413423,1.8000849282330926,0.9536929888417682,0.9521089887673525,0.9489205797895052,0.9211307290012322,0.0006236801855266094,4.59868460893631e-05
main,irrelevant,CART,123,6.877941566561274,7.592473175731746,0.8308172465400485,0.7980032983780084,2.088126368320774,2.191626359217492,0.016269694082438946,9.108101949095726e-05
main,irrelevant,RandomForest,123,4.738999264442376,5.210612452643356,0.8834306839562326,0.8613723743893249,1.6959856069301644,1.8098969881360711,0.9878315730020404,0.0037229121662676334
main,irrelevant,GradientBoosting,123,0.24327268328325966,0.4183944831318116,0.9940160087140679,0.9888686724847969,0.3911883290049834,0.5057728565296697,1.6762071503326297,0.0012627877295017242
main,irrelevant,RHM (original),123,0.2660194845849409,0.31192477583333983,0.9934564857173425,0.9917012843622669,0.4070341722544583,0.44721143429352556,0.23719707177951932,0.29475906025618315
main,irrelevant,"ACGMT (top1, no-std)",123,0.2660194845849409,0.31192477583333983,0.9934564857173425,0.9917012843622669,0.4070341722544583,0.44721143429352567,0.08448150474578142,0.00040088221430778503
main,irrelevant,"ACGMT (top3, std)",123,0.24328808233974714,0.27899903924769215,0.9940156299299867,0.992577269042731,0.3919040979959132,0.4238649543569678,0.2318697120063007,0.00041593005880713463
main,irrelevant,ACGMT (full),123,0.2632452359966175,0.29385370053549226,0.9935247263399783,0.9921820628280501,0.40627096257085415,0.43625515324141245,0.35257849004119635,0.00033823493868112564
main,irrelevant,Ridge,456,1.8940232724954513,1.694473816960779,0.9530991376277368,0.9581948950344292,0.958044143785641,0.9232448085150892,0.0006554690189659595,4.3480657041072845e-05
main,irrelevant,CART,456,7.025347649476844,7.623138444904743,0.826034416783436,0.8119262158751328,2.1256858861100456,2.1615274005612646,0.016217706259340048,9.5319002866745e-05
main,irrelevant,RandomForest,456,4.319626756769813,4.884004785422572,0.8930349890833809,0.879504580912821,1.6214318356034334,1.693693895370568,0.9835872687399387,0.0037057101726531982
main,irrelevant,GradientBoosting,456,0.24170892551370304,0.48213576321044743,0.9940146685554029,0.9881050176243975,0.3919960480703243,0.5371237642613432,1.6735632801428437,0.0012440737336874008
main,irrelevant,RHM (original),456,0.26626237905389427,0.31137505067842447,0.9934066622220198,0.9923179298806641,0.4100388707345254,0.4469201458544539,0.22727634804323316,0.2930896799080074
main,irrelevant,"ACGMT (top1, no-std)",456,0.26626237905389427,0.31137505067842447,0.9934066622220198,0.9923179298806641,0.4100388707345254,0.44692014585445383,0.08154784375801682,0.00044875219464302063
main,irrelevant,"ACGMT (top3, std)",456,0.2632695279342019,0.3010439705662741,0.993480772873406,0.9925728124785379,0.4054670153638601,0.43436005206998596,0.2256681420840323,0.0003735208883881569
main,irrelevant,ACGMT (full),456,0.2750976531241214,0.3065154950915352,0.9931878782296546,0.9924378221028763,0.4169946100719376,0.4463607800230065,0.33742236718535423,0.0002922876738011837
main,irrelevant,Ridge,789,1.59685411627447,1.6105599731225753,0.9598472138188175,0.9545832220872152,0.8911151123436863,0.9010768244861777,0.0006157848984003067,4.357192665338516e-05
main,irrelevant,CART,789,6.6328495358220145,6.794738156714135,0.833217457706675,0.8083926590819825,2.034799824348034,2.0615584776069746,0.016151772812008858,9.057996794581413e-05
main,irrelevant,RandomForest,789,4.4715187804516265,4.639416723758382,0.8875639698913136,0.8691713674100123,1.6338468573048035,1.6716868347813978,0.9843170610256493,0.0037243752740323544
main,irrelevant,GradientBoosting,789,0.24536734650775155,0.45333222557803154,0.993830255062275,0.9872163164654665,0.3962711112501178,0.5252908452423662,1.6806483268737793,0.0012147179804742336
main,irrelevant,RHM (original),789,0.260789461209062,0.29867340381698204,0.9934424670559991,0.9915775979311644,0.4045443299426123,0.4352815796660541,0.35909386398270726,0.45701104821637273
main,irrelevant,"ACGMT (top1, no-std)",789,0.260789461209062,0.298673403816982,0.9934424670559991,0.9915775979311644,0.40454432994261225,0.43528157966605396,0.08072000183165073,0.0004342449828982353
main,irrelevant,"ACGMT (top3, std)",789,0.25868873187500313,0.2940502041290333,0.9934952897496412,0.991707969253548,0.40180509630900657,0.434522608715826,0.22452330496162176,0.00040246499702334404
main,irrelevant,ACGMT (full),789,0.28772214423060927,0.31077957254383126,0.9927652466063486,0.9912362115900051,0.4210170093039519,0.4426460463698886,0.34047079598531127,0.00028604594990611076
main,irrelevant,Ridge,1024,1.642871995029693,1.9229620186107215,0.9574727428097028,0.9548840125612013,0.8941237401766421,0.9786781044394497,0.0006218072958290577,4.3801963329315186e-05
main,irrelevant,CART,1024,7.041067135794594,7.423180743125702,0.8177354815932123,0.8258394466861341,2.1055318551890823,2.1710272917443643,0.016298728063702583,0.00013586506247520447
main,irrelevant,RandomForest,1024,4.733341975154456,4.9250801023140705,0.8774730763224285,0.8844491727446538,1.661336393313072,1.7156926244105186,0.9846417759545147,0.0037712031044065952
main,irrelevant,GradientBoosting,1024,0.2353006109739386,0.4263123203493773,0.9939090266130308,0.9899979817054404,0.38660593563014817,0.5051844322824903,1.6802986511029303,0.0013001780025660992
main,irrelevant,RHM (original),1024,0.2500411769005413,0.3207639161791832,0.9935274534654042,0.9924743283158473,0.3984742180553437,0.44491343109135406,0.23837358318269253,0.296491133980453
main,irrelevant,"ACGMT (top1, no-std)",1024,0.25004117690054134,0.32076391617918326,0.9935274534654042,0.9924743283158473,0.3984742180553438,0.4449134310913541,0.08449577400460839,0.00046217720955610275
main,irrelevant,"ACGMT (top3, std)",1024,0.24909705865707366,0.3118360837263383,0.9935518928371139,0.9926837905792201,0.3957407550945396,0.43983287461556425,0.23190660402178764,0.0004122229292988777
main,irrelevant,ACGMT (full),1024,0.2681216163346401,0.31719220719712454,0.993059424610902,0.992558126735166,0.40680992296169305,0.4425593144309683,0.35124440398067236,0.0003287671133875847
main,interaction,Ridge,42,5.116171984101593,5.005054268109825,0.37751762931408694,0.41733960209545584,1.7267591412291672,1.7287753013079383,0.00034343404695391655,3.272108733654022e-05
main,interaction,CART,42,1.7581781691072051,1.9544551397135588,0.7860832438403152,0.7724732743363143,0.9842780421900643,1.0238483895022028,0.0044615683145821095,7.624318823218346e-05
main,interaction,RandomForest,42,1.2347203725062594,1.3914428689859693,0.8497721212265197,0.8380160109610593,0.7831434248437997,0.8172130054876443,0.2807714813388884,0.0033486108295619488
main,interaction,GradientBoosting,42,0.23740295773946452,0.33491586502165915,0.9711152876797867,0.9610109699666133,0.3886309604774453,0.4404840338577294,0.4452500231564045,0.0010873288847506046
main,interaction,RHM (original),42,4.032975000321575,4.663122191323638,0.5093097247476455,0.45714542022333926,1.4963274581762342,1.5817768385917965,0.14850825909525156,0.272865884937346
main,interaction,"ACGMT (top1, no-std)",42,4.032975000321575,4.663122191323638,0.5093097247476455,0.45714542022333926,1.4963274581762342,1.5817768385917965,0.05347507307305932,0.00031480100005865097
main,interaction,"ACGMT (top3, std)",42,0.40383639309313435,0.4448740339846066,0.9508654055956242,0.9482102555190152,0.4658350049430386,0.4690750407774823,0.17872802773490548,0.00033592991530895233
main,interaction,ACGMT (full),42,0.4186738322858475,0.446733133898803,0.9490601409656843,0.9479938295148753,0.46150108641808163,0.46506273133202125,0.2727584233507514,0.00027710990980267525
main,interaction,Ridge,123,5.263193209354759,4.804375805471607,0.3740344883707717,0.4137650824213922,1.7436296570397611,1.6823084997454922,0.00030890898779034615,3.115786239504814e-05
main,interaction,CART,123,1.6101555680599482,1.8558217634126415,0.8084999326697984,0.7735507040736166,0.9661973147261721,0.9902045727349489,0.004437823314219713,8.21240246295929e-05
main,interaction,RandomForest,123,1.2760753172129453,1.3342823827047527,0.8482329819477485,0.837189480106724,0.803150107133677,0.8030101916190514,0.2815676350146532,0.0032548150047659874
main,interaction,GradientBoosting,123,0.22379638270052812,0.33224412196451586,0.9733833033245076,0.9594592277244378,0.37463269057107584,0.4442458618897263,0.4451721487566829,0.0011789710260927677
main,interaction,RHM (original),123,5.115607008554092,4.894877489494731,0.3915873062170556,0.40272197309310076,1.7259868927809812,1.6864600528093443,0.11861454322934151,0.2726549496874213
main,interaction,"ACGMT (top1, no-std)",123,5.115607008554092,4.894877489494731,0.3915873062170556,0.40272197309310076,1.7259868927809812,1.6864600528093443,0.044565954711288214,0.00026941485702991486
main,interaction,"ACGMT (top3, std)",123,0.30422650282409164,0.294496752378358,0.9638175360629028,0.9640652009026702,0.41731784597529575,0.4250187683057295,0.19252527505159378,0.0003868662752211094
main,interaction,ACGMT (full),123,0.30917821541557655,0.29214288680450773,0.9632286157663307,0.9643524220207821,0.42215600508966034,0.41918989253864003,0.30383825534954667,0.00035345321521162987
main,interaction,Ridge,456,5.083846170891324,5.0637753019725436,0.368268150370196,0.3861569366010529,1.737370390555052,1.734692852239479,0.0003202906809747219,3.4213997423648834e-05
main,interaction,CART,456,1.8817680484226893,2.1060807140052247,0.7661666443389039,0.74469581287566,1.012661999769193,1.0891753712116974,0.004476997070014477,7.7785924077034e-05
main,interaction,RandomForest,456,1.3316718833652845,1.4294670955828532,0.8345230139347701,0.8267165486907041,0.7984647890723311,0.8380657599368667,0.2824213970452547,0.0033376901410520077
main,interaction,GradientBoosting,456,0.2229260933869318,0.41326138332131535,0.9722986281307205,0.949903457717876,0.37697428374324854,0.4497451411055161,0.44551088521257043,0.0011171852238476276
main,interaction,RHM (original),456,4.4596532216451665,4.575418108598007,0.44583197765728766,0.4453567742196697,1.5862482275993688,1.599668143859621,0.1204137890599668,0.2714382680132985
main,interaction,"ACGMT (top1, no-std)",456,4.4596532216451665,4.575418108598007,0.44583197765728766,0.4453567742196697,1.5862482275993688,1.599668143859621,0.04481401015073061,0.0002528042532503605
main,interaction,"ACGMT (top3, std)",456,0.4279559261460614,0.45780828529430917,0.9468210918079594,0.9445033747478866,0.4630000012393612,0.4798257353277859,0.17394937574863434,0.0003732498735189438
main,interaction,ACGMT (full),456,0.4426325612009471,0.5211190990491252,0.9449973352469029,0.9368286851054772,0.47095860685574403,0.49884233724351273,0.2656877930276096,0.00035414425656199455
main,interaction,Ridge,789,5.241086535680373,5.079987333455839,0.37716437561108995,0.36608688457456506,1.739541394959475,1.7313000881307552,0.0003192387521266937,3.188895061612129e-05
main,interaction,CART,789,1.9438743049258838,1.8406470723135162,0.7689955778826113,0.77031235642566,1.0245389122100346,1.0030826185974229,0.004452591296285391,8.548982441425323e-05
main,interaction,RandomForest,789,1.3500721286572495,1.3122776879367188,0.8395613177729864,0.8362456473100409,0.8275763023144137,0.815102418584753,0.28096837317571044,0.003245686646550894
main,interaction,GradientBoosting,789,0.23069283317181197,0.3244364204482978,0.9725851283293189,0.95951476085592,0.3841508655603961,0.45646752786087263,0.44665737729519606,0.0011242791078984737
main,interaction,RHM (original),789,3.4924526915222973,3.8438952802488626,0.5849669838564033,0.5203343094137138,1.3009413105958083,1.3858472898647078,0.14504826068878174,0.2753115529194474
main,interaction,"ACGMT (top1, no-std)",789,3.4924526915222973,3.8438952802488626,0.5849669838564033,0.5203343094137138,1.3009413105958083,1.3858472898647083,0.052566369995474815,0.0002928697504103184
main,interaction,"ACGMT (top3, std)",789,0.44576402683962996,0.39483340174678894,0.9470266872915247,0.950730177981554,0.47695609302401715,0.46813797341595753,0.1759243500418961,0.0003596348688006401
main,interaction,ACGMT (full),789,0.35739559747069066,0.3365580464589607,0.9575281368492786,0.9580021472992216,0.4433798773170073,0.45191148957781796,0.28739231172949076,0.0003203009255230427
main,interaction,Ridge,1024,5.177339248278338,5.555284181798317,0.37226662567793645,0.30151018438578725,1.7526644822251707,1.7628376044723897,0.00031591299921274185,3.154901787638664e-05
main,interaction,CART,1024,1.8942582865625373,1.9797899847450064,0.7703281378640874,0.7510724751165198,1.0194310623109175,1.0292091415926057,0.004497325047850609,8.015008643269539e-05
main,interaction,RandomForest,1024,1.351763166013608,1.4657792090648156,0.8361036793622956,0.8157012646040005,0.8169360079673094,0.8318117812962518,0.28166252467781305,0.0032560271210968494
main,interaction,GradientBoosting,1024,0.2210352853464555,0.35311441954658096,0.9732002832225238,0.9556014026054797,0.3791701103141908,0.4411260749326384,0.4451608411036432,0.0011249501258134842
main,interaction,RHM (original),1024,5.04598328095074,5.750369190550835,0.38819305441936236,0.27698130569419666,1.724812567167966,1.76652785334347,0.12647139001637697,0.2730578565970063
main,interaction,"ACGMT (top1, no-std)",1024,5.04598328095074,5.750369190550834,0.38819305441936236,0.27698130569419677,1.724812567167966,1.76652785334347,0.046617972664535046,0.00028730789199471474
main,interaction,"ACGMT (top3, std)",1024,0.28252348661495297,0.33127610131591095,0.9657450645837021,0.958347228448961,0.41854743405920386,0.43157383643929265,0.18977793399244547,0.0003846222534775734
main,interaction,ACGMT (full),1024,0.29717949229900276,0.348328410180802,0.9639680777066704,0.9562031681839867,0.4269356595210977,0.44278425530593024,0.29329509288072586,0.00032437825575470924
main,regime,Ridge,42,2.756579415565841,2.9011664826058494,0.28719153331801495,0.25081416310727045,1.436942450136346,1.483260201808214,0.00031561078503727913,3.391411155462265e-05
main,regime,CART,42,0.9402862662651518,0.9396319251724713,0.7568566289387999,0.7573531424507692,0.7644292928191883,0.7779393786740227,0.004542670212686062,8.194288238883018e-05
main,regime,RandomForest,42,0.8083394763920155,0.7978386607543265,0.790976011983592,0.7939692781002627,0.6988968658776555,0.7071162635876633,0.2823334541171789,0.0032547847367823124
main,regime,GradientBoosting,42,0.20496129092897103,0.25278727816986474,0.947000205148724,0.9347212062158464,0.3611290413997038,0.3952809260242379,0.4439276191405952,0.0012678378261625767
main,regime,RHM (original),42,2.697497722940855,3.0028727598120404,0.3024691380520502,0.22454993357655995,1.4155364499211323,1.4989771873824902,0.13562434678897262,0.2746758218854666
main,regime,"ACGMT (top1, no-std)",42,2.697497722940855,3.0028727598120404,0.3024691380520502,0.22454993357655995,1.4155364499211323,1.4989771873824904,0.04981441795825958,0.00027438392862677574
main,regime,"ACGMT (top3, std)",42,0.3044957513446361,0.2883698182071586,0.921262145250912,0.9255325108422998,0.4259737285355866,0.4092976960749704,0.168258894700557,0.0003131371922791004
main,regime,ACGMT (full),42,0.32937922613034226,0.29946869639115375,0.9148276665605608,0.9226663801356683,0.4267288221229943,0.4054698092502694,0.23695203103125095,0.00019552698358893394
main,regime,Ridge,123,2.7017530883619885,2.6985960402499076,0.2647244796831525,0.266938934315591,1.4269691210064948,1.4237202188418405,0.00031537096947431564,3.250129520893097e-05
main,regime,CART,123,0.9114063681844193,0.9747685616146243,0.7519629774928194,0.7352086529754556,0.7498608783970904,0.7794452512350754,0.004444404970854521,7.811607792973518e-05
main,regime,RandomForest,123,0.7590512433234464,0.8095588870351541,0.7934260535183962,0.7800870928390912,0.674950708640406,0.7019404884311401,0.2834594170562923,0.003229537047445774
main,regime,GradientBoosting,123,0.2032022072106798,0.2846699304769651,0.9446990143992218,0.9226707371198746,0.3563584978671335,0.41949069376634307,0.628986394032836,0.0012381919659674168
main,regime,RHM (original),123,2.656421129067565,2.728134460410425,0.277061461956169,0.25891495983458745,1.410171321062619,1.420831715642168,0.149349519982934,0.2726465882733464
main,regime,"ACGMT (top1, no-std)",123,2.656421129067565,2.728134460410425,0.277061461956169,0.25891495983458745,1.410171321062619,1.420831715642168,0.05388704687356949,0.0003095008432865143
main,regime,"ACGMT (top3, std)",123,0.37394429581331146,0.41141663765205255,0.8982319709902332,0.8882405834963055,0.4511569193945854,0.4695076817919827,0.1673775319941342,0.000331963412463665
main,regime,ACGMT (full),123,0.37470412853067914,0.3753292919293848,0.8980251843674946,0.8980435431533318,0.4474647034164958,0.44629920522362476,0.24977566301822662,0.0002073179930448532
main,regime,Ridge,456,2.747765825190689,2.6118419537427817,0.2779159177695364,0.2966561839971733,1.4419532946139262,1.4114674330820873,0.0003257710486650467,3.230106085538864e-05
main,regime,CART,456,0.8951481076168665,0.911590432880314,0.7647644519692632,0.7545174995083752,0.7409332629409712,0.75859134630157,0.004519104957580566,7.577193900942802e-05
main,regime,RandomForest,456,0.8000249407632819,0.8058647587306523,0.7897618240184476,0.7829884025809497,0.6907855008143658,0.7062796818047832,0.28250696090981364,0.0032084379345178604
main,regime,GradientBoosting,456,0.20547990800176325,0.2676086444205293,0.9460020321142336,0.9279355763114391,0.3609928157480519,0.41421107021208836,0.4440947836264968,0.0011541037820279598
main,regime,RHM (original),456,2.680487643521989,2.662624959390708,0.295595919325348,0.28298081097955197,1.4185099240605823,1.4144956065385403,0.13475082023069263,0.27121082600206137
main,regime,"ACGMT (top1, no-std)",456,2.680487643521989,2.662624959390708,0.295595919325348,0.28298081097955197,1.4185099240605823,1.4144956065385406,0.04989749426022172,0.0002807062119245529
main,regime,"ACGMT (top3, std)",456,0.3783536612880815,0.3672476443349054,0.9005726202119934,0.9011037558323871,0.4544555386851805,0.44644028277707476,0.17155760200694203,0.000328967347741127
main,regime,ACGMT (full),456,0.37781420163185137,0.3095945742603898,0.9007143845600314,0.9166291708569754,0.455258284513013,0.42751193514793145,0.24462088476866484,0.00017039990052580833
main,regime,Ridge,789,2.6546804521720446,2.8204511018298084,0.30161575951553454,0.2400979438711497,1.4093093231598954,1.44184587785814,0.00031132297590374947,3.101816400885582e-05
main,regime,CART,789,0.9195215836888957,0.937102167924437,0.758095411329746,0.7475205779151448,0.7545151775684567,0.7693015997487471,0.00450679287314415,7.831677794456482e-05
main,regime,RandomForest,789,0.8118617595304343,0.8243912289012607,0.7864181891104314,0.7778878033055652,0.7038819058683032,0.7149324765630097,0.2841088059358299,0.0031214840710163116
main,regime,GradientBoosting,789,0.2054387989416118,0.28680422967061986,0.945953864448172,0.9227275652140321,0.36353675336836594,0.4267515262333957,0.44431956810876727,0.0012330529280006886
main,regime,RHM (original),789,2.5210876154112665,2.781709219791184,0.33676090542528214,0.2505360031590247,1.3607073807780279,1.4234064514612235,0.13718893332406878,0.2723737573251128
main,regime,"ACGMT (top1, no-std)",789,2.5210876154112665,2.781709219791184,0.33676090542528214,0.2505360031590247,1.3607073807780279,1.4234064514612235,0.05072101904079318,0.00028471415862441063
main,regime,"ACGMT (top3, std)",789,0.33517453203029574,0.32809874374286885,0.9118234321610381,0.9116017612141026,0.43117184668168274,0.4329178035351115,0.16587795969098806,0.00030995113775134087
main,regime,ACGMT (full),789,0.3209173536037094,0.32359957204472134,0.9155741618274869,0.9128139537680103,0.43047120920620363,0.4372788421627487,0.24000777304172516,0.00021428102627396584
main,regime,Ridge,1024,2.733218187465867,2.758300243212749,0.25330713353368317,0.29621051262569864,1.4402263341033406,1.44848054625346,0.0003160731866955757,3.258092328906059e-05
main,regime,CART,1024,0.8581475569457397,0.9865975836926111,0.7655611022620259,0.7482663428753535,0.7297626971593931,0.786784103833932,0.004528563003987074,7.942924275994301e-05
main,regime,RandomForest,1024,0.7540199703702162,0.8643043374570134,0.7940079077365589,0.7794698716751195,0.6757783846883899,0.7263679259768615,0.2835156638175249,0.003124469891190529
main,regime,GradientBoosting,1024,0.19567330894836907,0.2757666189591528,0.9465436515022343,0.9296372293517443,0.355175079188588,0.4206065933896352,0.441834457218647,0.0012506148777902126
main,regime,RHM (original),1024,2.6894183225285193,2.781639569957114,0.2652728985980627,0.2902554057277107,1.4239069856896887,1.448799254973435,0.15066408598795533,0.27321136789396405
main,regime,"ACGMT (top1, no-std)",1024,2.6894183225285193,2.7816395699571146,0.2652728985980627,0.2902554057277106,1.4239069856896887,1.448799254973435,0.054685906041413546,0.0002928301692008972
main,regime,"ACGMT (top3, std)",1024,0.35331819198230663,0.36645022432779883,0.9034763581056919,0.9064990056240346,0.44499853374906445,0.45402145587432613,0.16913519008085132,0.00030424119904637337
main,regime,ACGMT (full),1024,0.3394966300636214,0.31925348254861946,0.9072522958392519,0.918541411371647,0.4355953620748904,0.43092257241926585,0.24578997865319252,0.00016932794824242592
main,california,Ridge,42,0.5179332149226819,0.5558034669932175,0.6125511245209703,0.5758549611440154,0.5286393234711054,0.5332039182571596,0.0010026912204921246,5.113612860441208e-05
main,california,CART,42,0.5498723438429148,0.5844045983300754,0.5886585082002127,0.5540288505085005,0.5455441329806711,0.5587407879847646,0.025604442227631807,0.00015122396871447563
main,california,RandomForest,42,0.4978254218106846,0.5264844804059898,0.6275931060065008,0.598228881861947,0.5216638779223929,0.5320316153003126,1.6339244809933007,0.008360050152987242
main,california,GradientBoosting,42,0.2113478144796937,0.2594939440350073,0.8418976217477535,0.8019748427064706,0.32054474998688315,0.3448512059750205,2.665087535046041,0.007336840033531189
main,california,RHM (original),42,0.43651823342675966,0.5131753312004811,0.6734550057915507,0.6083853669185245,0.47991457138637567,0.49272587186742905,0.24267531838268042,1.1392099992372096
main,california,"ACGMT (top1, no-std)",42,0.4365182334267596,0.513175331200482,0.6734550057915507,0.6083853669185239,0.47991457138637694,0.49272587186743083,0.1140502872876823,0.0004985346458852291
main,california,"ACGMT (top3, std)",42,0.31815257276102993,0.3434970468387505,0.7620004799935008,0.7378703499880909,0.3934379644221564,0.4030293597757342,0.36498987628147006,0.0005554812960326672
main,california,ACGMT (full),42,0.38691723267752925,0.4186873194462108,0.7105598899913268,0.6804911089603041,0.4449625793197623,0.4533035801873499,0.5301649807952344,0.0003586229868233204
main,california,Ridge,123,0.5260513255987406,0.5180225821074546,0.6050600384531066,0.6104549026001046,0.5327211669806164,0.5255539789149599,0.000918092206120491,5.054427310824394e-05
main,california,CART,123,0.552177936215614,0.5729208180242742,0.5854451414073966,0.5691722647461742,0.5469391431895962,0.555236653066466,0.025734596885740757,0.00015049194917082787
main,california,RandomForest,123,0.4964733367325658,0.5146745379433221,0.6272661031791025,0.6129725808540336,0.5198053553706787,0.5257362857283311,2.3132755826227367,0.013345309998840094
main,california,GradientBoosting,123,0.21337011172386028,0.24654653301176732,0.8398095782316198,0.8146007596329972,0.3218207351697474,0.34078692080092776,4.058637869078666,0.007290253881365061
main,california,RHM (original),123,0.4406416280523419,9.31101080837254,0.6691824938547992,-6.001738413570919,0.48362730749947064,0.5289665488210535,0.3312694337219,1.1488842968828976
main,california,"ACGMT (top1, no-std)",123,0.44064162805234186,9.311010808372549,0.6691824938547992,-6.001738413570927,0.4836273074994673,0.5289665488210498,0.1129167121835053,0.00047633377835154533
main,california,"ACGMT (top3, std)",123,0.3223696449127897,0.30012166331269935,0.7579767430091852,0.7743130770644415,0.3940046951923294,0.3849674699002614,0.36458828672766685,0.000539673026651144
main,california,ACGMT (full),123,0.5279342454145032,0.516969225144305,0.603646411600657,0.6112470110042163,0.5316612137174915,0.523771573209863,0.4958152906037867,9.158160537481308e-05
main,california,Ridge,456,0.5288618468582681,0.5063448039644035,0.5999204218545497,0.630310756347754,0.532666420549973,0.5272281036806201,0.0009065307676792145,5.0424132496118546e-05
main,california,CART,456,0.5514028875069283,0.5685493226428265,0.5828683125234483,0.5848943893149942,0.5498856786746593,0.5558733887985107,0.025713808368891478,0.00014842860400676727
main,california,RandomForest,456,0.501075740530701,0.5123493275186953,0.6209403796448059,0.6259267718496446,0.5232351608384964,0.5286776355214868,1.6325073172338307,0.00850854767486453
main,california,GradientBoosting,456,0.2121354583710053,0.24188068608666236,0.8395212942681636,0.8233996138730972,0.3196913431075193,0.34092307230451924,2.5855887732468545,0.004544583149254322
main,california,RHM (original),456,0.4346584722161193,0.503750284095196,0.6711844894188888,0.6322050506716581,0.48009209552804494,0.49047582157145503,0.2540765171870589,1.1464995429851115
main,california,"ACGMT (top1, no-std)",456,0.43465847221611953,0.5037502840951964,0.6711844894188885,0.6322050506716579,0.48009209552804605,0.4904758215714555,0.11694193305447698,0.0005201860330998898
main,california,"ACGMT (top3, std)",456,0.323638879905568,0.4791204635138839,0.7551698854563318,0.6501876184213529,0.3944784307655232,0.40122539094678306,0.3629291378892958,0.0005422867834568024
main,california,ACGMT (full),456,0.35145029918906,0.3375722896054093,0.734130778625947,0.7535338697166645,0.3976291116910821,0.4008455972685246,0.5100430198945105,0.0005328189581632614
main,california,Ridge,789,0.521484950218049,0.5361242607455851,0.6081293886219014,0.5983028189972848,0.5291074316316735,0.5353933551008311,0.0009115203283727169,5.063507705926895e-05
main,california,CART,789,0.5448463804826867,0.5926786229975155,0.5905744084510594,0.5559288218601035,0.5451794685306279,0.5600244981403897,0.025804257951676846,0.00015009241178631783
main,california,RandomForest,789,0.4946348308501136,0.5376967666398753,0.6283059492069927,0.5971246011267335,0.5193614058191782,0.5343716492641378,1.633942942135036,0.008364649023860693
main,california,GradientBoosting,789,0.2116644261730399,0.2611335928237412,0.8409444643479325,0.8043426948138319,0.3201918624355678,0.350272413218913,2.586933196056634,0.00458059087395668
main,california,RHM (original),789,0.4392080322596147,0.5571003639309827,0.6699564962482978,0.5825862358561333,0.4824577985889649,0.5005534880032829,0.23741268459707499,1.1488127210177481
main,california,"ACGMT (top1, no-std)",789,0.4392080322596147,0.5571003639309915,0.6699564962482978,0.5825862358561269,0.4824577985889386,0.5005534880032614,0.11296652723103762,0.0004697809927165508
main,california,"ACGMT (top3, std)",789,0.3414270150861552,1.4071471419239696,0.7434341813951352,-0.05432095048412888,0.414100416256385,0.4333462036852457,0.34356569312512875,0.0005206060595810413
main,california,ACGMT (full),789,0.34434444248466745,0.3645451979993328,0.7412418764056465,0.7268603771432394,0.41214089154281414,0.42135698799885424,0.4589638817124069,0.00048365676775574684
main,california,Ridge,1024,0.5254021923861129,0.520530175584974,0.6041588276216723,0.613975926845516,0.5314312506115918,0.531841447390821,0.0009036650881171227,6.0252845287323e-05
main,california,CART,1024,0.5502345752163761,0.5662001873804687,0.5854499610144788,0.5801071430531108,0.5472680096788529,0.5561753297382117,0.02565209288150072,0.00017600972205400467
main,california,RandomForest,1024,0.4970650364724384,0.5085468504878089,0.625508211353389,0.6228627352975784,0.5202666086347426,0.5285019907141724,1.6399597199633718,0.0086965411901474
main,california,GradientBoosting,1024,0.21751443200575618,0.25393100138778374,0.8361233184366127,0.8116853084535397,0.32427996985692525,0.34648079976400925,2.5885677421465516,0.004756351001560688
main,california,RHM (original),1024,0.4418727941584276,0.5144290584606298,0.667090378729865,0.6185005023525655,0.4840559097241218,0.4903540768208347,0.24412869196385145,1.6106528700329363
main,california,"ACGMT (top1, no-std)",1024,0.4418727941584276,0.5144290584606315,0.667090378729865,0.6185005023525643,0.4840559097241175,0.49035407682083126,0.11329400260001421,0.00048122182488441467
main,california,"ACGMT (top3, std)",1024,0.3224208954431905,0.3198687740779004,0.7570861578024962,0.7627859962091179,0.39591139575720946,0.39689638055731213,0.35887054167687893,0.0005468549206852913
main,california,ACGMT (full),1024,0.4005166430800502,0.39150397568734857,0.6982483517363607,0.7096614827734744,0.44945043988978567,0.4490103714386017,0.517391461879015,0.0003490340895950794
main,diabetes,Ridge,42,3388.1826180801304,3077.41593882723,0.4424027835503953,0.41915292635986545,48.8051936622374,46.138857666974516,0.0002545071765780449,3.296183422207832e-05
main,diabetes,CART,42,2524.2545414152655,3568.9652613232283,0.5845804478210278,0.3263754171777956,40.07377018873478,47.04539158640984,0.0007508178241550922,4.972284659743309e-05
main,diabetes,RandomForest,42,2050.900231424388,2836.7505035020235,0.6624809258640015,0.46457733976829396,37.37082724407158,43.50335789484029,0.053730946965515614,0.00219546677544713
main,diabetes,GradientBoosting,42,403.4225812933789,3130.4290697076626,0.9336082691701058,0.409146959487498,15.546273568009836,46.33111067870889,0.053197796922177076,0.00021682726219296455
main,diabetes,RHM (original),42,3424.7287442910897,3333.9869672309305,0.4363883443821802,0.3707264107404258,48.480481756073495,46.72664162163332,0.017275262158364058,0.022801326122134924
main,diabetes,"ACGMT (top1, no-std)",42,3424.72874429109,3333.9869672309305,0.4363883443821801,0.3707264107404258,48.480481756073495,46.72664162163332,0.005335045978426933,8.287513628602028e-05
main,diabetes,"ACGMT (top3, std)",42,3424.72874429109,3333.9869672309305,0.4363883443821801,0.3707264107404258,48.480481756073495,46.72664162163332,0.012365712784230709,8.040107786655426e-05
main,diabetes,ACGMT (full),42,3501.015543115208,3152.974296531119,0.4238337357701206,0.4048916591688976,49.47782231378303,46.56412967351482,0.014445683918893337,2.7010682970285416e-05
main,diabetes,Ridge,123,3357.2993012771008,3553.20413573777,0.42473556741135343,0.436014329716665,48.393846715169786,50.80702554227765,0.00023422902449965477,3.0438415706157684e-05
main,diabetes,CART,123,2599.5039176592804,3941.8758058346475,0.5545818194894372,0.37432205311060485,40.997400650735855,49.64684313947965,0.0006486158818006516,4.1237566620111465e-05
main,diabetes,RandomForest,123,2069.498920640678,2931.0882797493114,0.6453967860797183,0.5347602544172985,37.74975901205377,44.589004250156314,0.05364731000736356,0.0022142729721963406
main,diabetes,GradientBoosting,123,426.64295950413634,3250.508581368723,0.9268958475272888,0.4840599664436879,16.013048944918616,45.768471114787786,0.05337325623258948,0.00020632706582546234
main,diabetes,RHM (original),123,3388.6719660311574,3367.7912829147,0.41935994356343753,0.4654441592687607,48.29532879049661,46.77949833469663,0.016629228834062815,0.02280583418905735
main,diabetes,"ACGMT (top1, no-std)",123,3388.6719660311574,3367.7912829147,0.41935994356343753,0.4654441592687607,48.29532879049661,46.779498334696626,0.005342910997569561,8.684303611516953e-05
main,diabetes,"ACGMT (top3, std)",123,3422.878732816677,3374.6492882296875,0.41349870376331654,0.46435561592122887,48.14878386916671,49.51357735295131,0.009900528937578201,5.963211879134178e-05
main,diabetes,ACGMT (full),123,3482.614147512023,3725.443363007852,0.40326319707879354,0.4086754962778619,49.470064956255385,52.156924678078816,0.015037192963063717,2.734130248427391e-05
main,diabetes,Ridge,456,3382.522335466563,3369.036635061663,0.4254248046092275,0.43758206849341674,48.9969071540504,46.873051514233126,0.00023642415180802345,3.082817420363426e-05
main,diabetes,CART,456,2326.129297148189,4201.649426395454,0.6048699571325173,0.2985879242996413,38.74421807851935,48.54473949692068,0.0006403210572898388,4.048505797982216e-05
main,diabetes,RandomForest,456,1972.853745646223,3444.6928208963473,0.664879426073105,0.42495222793306264,36.89823925599688,47.55848331423835,0.05356028629466891,0.0021969801746308804
main,diabetes,GradientBoosting,456,351.3671820472144,4389.558919806849,0.9403146979513333,0.2672188179221583,14.547119086795739,51.46957927338428,0.05327785713598132,0.000211276113986969
main,diabetes,RHM (original),456,3366.4277765193933,3749.338536824207,0.4281587213242293,0.374095489953022,47.74079632912379,49.931618680838504,0.01804552599787712,0.022659731097519398
main,diabetes,"ACGMT (top1, no-std)",456,3366.427776519394,3749.338536824207,0.42815872132422916,0.374095489953022,47.74079632912379,49.931618680838504,0.005872904788702726,8.247513324022293e-05
main,diabetes,"ACGMT (top3, std)",456,3366.427776519394,3749.338536824207,0.42815872132422916,0.374095489953022,47.74079632912379,49.931618680838504,0.012848337646573782,8.524954319000244e-05
main,diabetes,ACGMT (full),456,3409.9888477305126,3829.4046357038937,0.42075918082744557,0.3607294703475715,48.23677946558334,51.29667618944673,0.01391302514821291,5.1927752792835236e-05
main,diabetes,Ridge,789,3223.786669211292,3759.863788289881,0.45665706710724163,0.3533537030615759,47.57829864969978,51.91951749649056,0.00023784581571817398,3.0726660043001175e-05
main,diabetes,CART,789,2253.0260452132447,5046.191983595864,0.6202708476397316,0.13212245347941165,37.922407048771205,57.409475180000996,0.0006530052050948143,4.3462030589580536e-05
main,diabetes,RandomForest,789,1946.3823540163194,3831.1998685798194,0.6719531391881239,0.34108485111506104,35.90923945281718,51.075520005716754,0.05386447813361883,0.0022002868354320526
main,diabetes,GradientBoosting,789,311.65469422443255,4208.922457990174,0.9474731447874846,0.2761216164167921,14.056316580432481,53.737301502541406,0.053519990760833025,0.00025344500318169594
main,diabetes,RHM (original),789,3261.2200511007322,3895.675887745027,0.45034797609382193,0.32999583795337006,47.215367307079305,51.130192493351906,0.017293306067585945,0.02284817397594452
main,diabetes,"ACGMT (top1, no-std)",789,3261.2200511007322,3895.675887745027,0.45034797609382193,0.32999583795337006,47.215367307079305,51.130192493351906,0.005407341755926609,8.624233305454254e-05
main,diabetes,"ACGMT (top3, std)",789,3228.179478660454,4270.520810702111,0.45591669492550213,0.26552752340663066,46.6416946317749,54.9004937588377,0.010003001894801855,6.026308983564377e-05
main,diabetes,ACGMT (full),789,3335.6270853387723,3823.977780152632,0.437807277729113,0.3423269537550949,48.40609111008783,52.43382698585596,0.015121442265808582,2.836296334862709e-05
main,diabetes,Ridge,1024,3385.9666141339,3147.6021532880486,0.44236071905243424,0.41221327291524845,48.62356105590301,47.14048644696117,0.00023729493841528893,3.1268689781427383e-05
main,diabetes,CART,1024,2455.432892446737,4311.832734075832,0.5956115376792512,0.19480355932156024,39.30366402527755,53.29421802165696,0.0006615701131522655,5.017407238483429e-05
main,diabetes,RandomForest,1024,2010.24017565874,3341.880351039154,0.6689309098893796,0.37593354617762476,36.75954010330554,47.01049173220056,0.05355858290567994,0.002203010953962803
main,diabetes,GradientBoosting,1024,422.05129833391004,3625.2684030764626,0.9304918183352764,0.3230133461364827,15.864097392667498,48.565938442387406,0.053219747729599476,0.0002303021028637886
main,diabetes,RHM (original),1024,3284.247337194202,3682.276902794025,0.45911300013352485,0.3123675154904483,46.66965379187456,50.00254887508305,0.016786413732916117,0.022849226370453835
main,diabetes,"ACGMT (top1, no-std)",1024,3284.247337194202,3682.276902794025,0.45911300013352485,0.3123675154904483,46.66965379187456,50.00254887508306,0.005362037103623152,8.365698158740997e-05
main,diabetes,"ACGMT (top3, std)",1024,3284.247337194202,3682.276902794025,0.45911300013352485,0.3123675154904483,46.66965379187456,50.00254887508306,0.01246159290894866,8.032983168959618e-05
main,diabetes,ACGMT (full),1024,3527.7759031074347,3223.054699097083,0.4190059613283641,0.3981231805873551,50.00899700620042,47.823377770637556,0.015028536785393953,2.7781818062067032e-05
main,concrete,Ridge,42,110.64488700451415,95.97089554036016,0.6105238047320662,0.6275533521253207,8.330109393857853,7.745553967204023,0.00028948206454515457,3.538699820637703e-05
main,concrete,CART,42,72.64270313935539,112.1016129139652,0.7442936189944336,0.5649527941146217,6.6228138233559335,8.140172078187895,0.0009554219432175159,4.8531219363212585e-05
main,concrete,RandomForest,42,50.48184624305721,69.69561480969594,0.8223010756561702,0.7295232272109036,5.632548071212987,6.6144966356296555,0.07327180728316307,0.0024000913836061954
main,concrete,GradientBoosting,42,8.087275289692837,25.10327021402653,0.9715323383195698,0.9025784974781806,2.069827958387047,3.572132209203737,0.07823571795597672,0.0003784801810979843
main,concrete,RHM (original),42,65.21590079223292,68.78455451808063,0.770436378949046,0.7330588965376648,6.436948891003987,6.61590360789481,0.05233087111264467,0.0544054820202291
main,concrete,"ACGMT (top1, no-std)",42,65.21590079223292,68.7845545180806,0.770436378949046,0.7330588965376649,6.436948891003989,6.615903607894808,0.014906158205121756,0.00013104593381285667
main,concrete,"ACGMT (top3, std)",42,31.368212445471187,38.09684912805067,0.889582136451367,0.8521526378133804,4.134844686578228,4.5683876351128125,0.03767423098906875,0.0001707896590232849
main,concrete,ACGMT (full),42,35.54755769525301,45.126059114478956,0.8748706072459576,0.8248734748764102,4.466418221380218,5.104590245544418,0.05249209376052022,0.00011720973998308182
main,concrete,Ridge,123,108.11325561401813,104.6050316096661,0.613570787107127,0.6188469247944595,8.212460324929708,8.051412080004637,0.0002773301675915718,3.4864991903305054e-05
main,concrete,CART,123,74.71581837824475,87.58962432763599,0.732943248054327,0.6808465696645178,6.664780288897295,7.099039921421758,0.0009567337110638618,4.937313497066498e-05
main,concrete,RandomForest,123,52.65603847518585,60.058576239870675,0.8117915200457197,0.7811624290530035,5.663588610544308,5.924949169676625,0.07349086925387383,0.002408356871455908
main,concrete,GradientBoosting,123,6.858656608243801,23.92793733577048,0.9754851034725246,0.9128129234462979,1.9330932211249658,3.3583121603093677,0.07852570107206702,0.0003615482710301876
main,concrete,RHM (original),123,67.57310815238746,75.84985258865791,0.7584734374360445,0.723623193615264,6.5333735604836845,6.7213255013004805,0.04374264320358634,0.05328534124419093
main,concrete,"ACGMT (top1, no-std)",123,67.57310815238746,75.84985258865784,0.7584734374360445,0.7236231936152642,6.5333735604836845,6.721325501300476,0.013211498968303204,0.00013292906805872917
main,concrete,"ACGMT (top3, std)",123,32.55585944678386,46.36385194177928,0.8836355905700755,0.8310623831946667,4.298782529696399,4.892979788521026,0.03605889203026891,0.00017287395894527435
main,concrete,ACGMT (full),123,38.156083777187476,44.670895377112316,0.8636187085722977,0.8372310692595979,4.635733867441369,4.954721176514901,0.05310440203174949,0.00010463595390319824
main,concrete,Ridge,456,109.85033109086352,97.5414449329229,0.6044896294345007,0.6547184813430167,8.310287337624057,7.858778467667227,0.0002856459468603134,3.5025179386138916e-05
main,concrete,CART,456,79.34610002751288,64.35692276725419,0.7143185176305862,0.7721865198485753,6.8692881340453065,6.332670892280449,0.0010254229418933392,5.4012052714824677e-05
main,concrete,RandomForest,456,51.090183258105874,46.76438221092375,0.8160524678258948,0.834461372599645,5.668084584566626,5.5966498736594215,0.07429491728544235,0.002437171060591936
main,concrete,GradientBoosting,456,8.037227034345575,13.89218225976261,0.9710623845089398,0.9508238391238819,2.0677027499404086,2.7494138640824977,0.07950938725844026,0.0003829691559076309
main,concrete,RHM (original),456,63.73600908524291,64.8841872619468,0.770521833467946,0.7703200856821903,6.319903226111693,6.567631127004637,0.057640799786895514,0.05490879714488983
main,concrete,"ACGMT (top1, no-std)",456,63.736009085242905,64.88418726194678,0.770521833467946,0.7703200856821905,6.319903226111691,6.567631127004633,0.016226905398070812,0.000154850073158741
main,concrete,"ACGMT (top3, std)",456,32.99623702270209,39.67002549009548,0.8811987747099164,0.8595742901307156,4.31659021992165,4.503579002756174,0.035918799228966236,0.00017391610890626907
main,concrete,ACGMT (full),456,37.61087065792167,41.58479086947627,0.864584027708562,0.8527963189973266,4.585576618623433,4.644788922041781,0.05441519105806947,0.00011968472972512245
main,concrete,Ridge,789,109.77559619585503,97.44662489280049,0.6154562368042018,0.6083540786024382,8.321734792141731,7.86314570947653,0.0002807970158755779,3.5256147384643555e-05
main,concrete,CART,789,75.75762531629977,87.83417237123037,0.7346211422260791,0.6469873081149237,6.609729184901119,7.359772355079014,0.000998212955892086,5.1235780119895935e-05
main,concrete,RandomForest,789,49.50053161399541,56.97107749967919,0.8265997055203685,0.7710285998625465,5.605603855897549,6.176401631145513,0.07366158906370401,0.0024373619817197323
main,concrete,GradientBoosting,789,7.460202997108854,21.17368176214041,0.9738669191138392,0.9149012486349858,1.9823441161254227,3.4581174627686573,0.07870454713702202,0.00036141835153102875
main,concrete,RHM (original),789,63.93771631140794,75.31532367256494,0.7760262672892453,0.6973015805570852,6.321179789270915,6.807289552745002,0.039537637028843164,0.05334337009117007
main,concrete,"ACGMT (top1, no-std)",789,63.93771631140794,75.31532367256487,0.7760262672892453,0.6973015805570855,6.321179789270915,6.807289552744995,0.011012074071913958,0.00011221086606383324
main,concrete,"ACGMT (top3, std)",789,31.58800209263723,41.884527627950185,0.8893472719121691,0.8316626724302061,4.164721977522907,4.702123897365621,0.039646069053560495,0.0001735752448439598
main,concrete,ACGMT (full),789,38.88710693510019,41.88740664138077,0.8637785176411961,0.8316511014407647,4.760121848961891,4.847397239063343,0.04926674393936992,9.975675493478775e-05
main,concrete,Ridge,1024,106.57092708939118,110.17116694792551,0.6193951708611511,0.5954645408813337,8.124453978710207,8.643462743781305,0.0002811970189213753,3.5585835576057434e-05
main,concrete,CART,1024,74.89813443591902,86.15174416467642,0.7325106158090349,0.6836610127220997,6.669954239184282,7.086188034871613,0.0009880932047963142,5.0966162234544754e-05
main,concrete,RandomForest,1024,49.608576012954366,56.08530770863846,0.8228291325513704,0.7940614016147267,5.549117120509946,5.844425276396506,0.07394838705658913,0.0024169939570128918
main,concrete,GradientBoosting,1024,7.51970125334614,18.316572620210984,0.973144320980671,0.9327437176198762,1.9574262716861974,3.1318391456998627,0.07935167104005814,0.00038118520751595497
main,concrete,RHM (original),1024,62.3201733083506,69.22981164677947,0.7774312416928442,0.7457963420459526,6.2676096149293095,6.604480165101414,0.050960110034793615,0.05426427721977234
main,concrete,"ACGMT (top1, no-std)",1024,62.3201733083506,69.22981164677932,0.7774312416928442,0.745796342045953,6.267609614929306,6.60448016510141,0.014417089987546206,0.00015463028103113174
main,concrete,"ACGMT (top3, std)",1024,31.44734726326358,42.537215868097086,0.8876897052611269,0.8438083880970049,4.136488434871153,5.088205546986887,0.03946806490421295,0.00017469795420765877
main,concrete,ACGMT (full),1024,40.660251329686375,43.10574303475712,0.854786962704217,0.8417208237663578,4.765557435296405,5.146662388651706,0.049947862047702074,7.889838889241219e-05
main,airfoil,Ridge,42,24.50031720501664,24.671013872218424,0.47777940388870244,0.5075506158529832,3.9089099306105015,3.946921448298691,0.00028482405468821526,3.465497866272926e-05
main,airfoil,CART,42,18.76568227489138,18.937240905977767,0.6000122895542597,0.6220004305500444,3.3487561631329816,3.4004411691601524,0.0006361831910908222,4.815962165594101e-05
main,airfoil,RandomForest,42,15.468648040344165,17.0248067641719,0.6702880810453206,0.6601738522112655,3.06433735540239,3.256665936109317,0.05506738368421793,0.002537619788199663
main,airfoil,GradientBoosting,42,3.237794610009391,5.535839754817268,0.9309868922440385,0.8895010601462888,1.3190479388113192,1.72874671363216,0.05149531411007047,0.0005288221873342991
main,airfoil,RHM (original),42,16.086415253655154,15.454244578310117,0.6571204653081977,0.6915232886469995,3.121238676162375,3.1628630223327745,0.07377457106485963,0.07953845197334886
main,airfoil,"ACGMT (top1, no-std)",42,16.086415253655154,15.454244578310117,0.6571204653081977,0.6915232886469995,3.121238676162374,3.1628630223327736,0.012617355212569237,0.00020093703642487526
main,airfoil,"ACGMT (top3, std)",42,10.201819586143909,10.856090016877978,0.7825497416578299,0.7833054259242967,2.371731601745004,2.4834667195728657,0.0594698810018599,0.0002140509895980358
main,airfoil,ACGMT (full),42,12.515473061093264,12.015730931645736,0.733234563949207,0.7601582436776794,2.658071192646411,2.6575584480098358,0.07412596931681037,0.00012009544298052788
main,airfoil,Ridge,123,23.914857383604403,26.27183418906257,0.4867044537286317,0.4891656568138517,3.8509035660384563,4.109913883373083,0.00028114812448620796,3.4584663808345795e-05
main,airfoil,CART,123,18.961999180823636,23.429032692393797,0.5930099196581055,0.5444416084245682,3.3680496196931946,3.7514669260434,0.0006980900652706623,5.644559860229492e-05
main,airfoil,RandomForest,123,14.946705507503548,18.432708257775953,0.6791920083248691,0.6415910534361189,3.003038233321045,3.367242550738644,0.05457670288160443,0.0024931058287620544
main,airfoil,GradientBoosting,123,2.872713855438063,5.605223827858251,0.9383416257075681,0.8910110039554309,1.2407700537391648,1.6896000433998457,0.05135184433311224,0.000549880787730217
main,airfoil,RHM (original),123,17.02416274453417,17.60249935937484,0.6346025913681905,0.6577337869152526,3.2050818784588877,3.3655595749766962,0.06945836590602994,0.0797620709054172
main,airfoil,"ACGMT (top1, no-std)",123,17.024162744534173,17.60249935937484,0.6346025913681905,0.6577337869152526,3.205081878458888,3.3655595749766967,0.013680839911103249,0.0001809699460864067
main,airfoil,"ACGMT (top3, std)",123,10.4964470503628,10.664132143568095,0.7747099455287477,0.7926446665274008,2.369275435825665,2.427877666341215,0.05954647529870272,0.00019172998145222664
main,airfoil,ACGMT (full),123,14.336933379651049,14.276315584832316,0.6922798270162608,0.7224087118389273,2.8168005509302607,2.8855541945323924,0.09163215383887291,9.849481284618378e-05
main,airfoil,Ridge,456,24.07663034543553,25.69506546607064,0.49741683382616986,0.4424430780855825,3.8535312418303684,4.03804308058084,0.00027813203632831573,3.445520997047424e-05
main,airfoil,CART,456,19.121636889015246,20.687982793933884,0.6008489281005428,0.5510917058205056,3.364304595872251,3.5049585527424023,0.0006489269435405731,5.2338000386953354e-05
main,airfoil,RandomForest,456,14.629867666129105,16.061201412098196,0.6946115338045531,0.651488180351136,2.992597888440967,3.156313142199564,0.054393630009144545,0.0025153779424726963
main,airfoil,GradientBoosting,456,3.0230314163524925,4.754340156046631,0.9368962899344663,0.8968356291351048,1.2529308269212416,1.6017342920277498,0.05153311509639025,0.0005097263492643833
main,airfoil,RHM (original),456,16.93885973485485,18.50869315658409,0.646412906009844,0.5983800859090951,3.1990964783505578,3.370948430134924,0.06386810028925538,0.07870026910677552
main,airfoil,"ACGMT (top1, no-std)",456,16.938859734854855,18.5086931565841,0.6464129060098439,0.5983800859090949,3.1990964783505564,3.370948430134925,0.011863802094012499,0.0001551806926727295
main,airfoil,"ACGMT (top3, std)",456,10.362026216103612,12.301324791238267,0.7836998006387185,0.733073698717407,2.3571699622233435,2.658555314080108,0.060373886954039335,0.000192220788449049
main,airfoil,ACGMT (full),456,13.452850083145,13.963539765129942,0.7191809696023066,0.6970053156410193,2.8146563114130743,2.9087392864314032,0.07785245915874839,0.00014519225805997849
main,airfoil,Ridge,789,24.25049665806479,25.329681393979183,0.49394993196429793,0.4492717462867184,3.9055693898259314,3.968168198480734,0.0002766088582575321,3.3884309232234955e-05
main,airfoil,CART,789,18.38921286302268,23.024027154988783,0.6162609553251825,0.4994022202139441,3.305533246930689,3.8295916664387484,0.0006623519584536552,5.232822149991989e-05
main,airfoil,RandomForest,789,14.722425071455593,18.28059070636726,0.6927780773272143,0.602535948242999,3.0190602584382735,3.4018087232477576,0.05492011783644557,0.0025076628662645817
main,airfoil,GradientBoosting,789,2.6452430700342777,5.934898573254418,0.9448000816463015,0.8709610169833888,1.2060213543485252,1.76707496336507,0.05185882607474923,0.000500428956001997
main,airfoil,RHM (original),789,18.659446376516325,19.753667575871138,0.6106218259573513,0.5705077107255648,3.4103370041405685,3.3966589278342525,0.06163129489868879,0.07864343328401446
main,airfoil,"ACGMT (top1, no-std)",789,18.659446376516325,19.753667575871145,0.6106218259573513,0.5705077107255647,3.4103370041405707,3.3966589278342543,0.011297399178147316,0.0001369859091937542
main,airfoil,"ACGMT (top3, std)",789,9.126202378031914,12.3690679228696,0.8095579072284789,0.7310666853140071,2.2441369349455482,2.4870982742532566,0.05801831791177392,0.00019524618983268738
main,airfoil,ACGMT (full),789,13.447486384496392,16.529014431986003,0.719383009109611,0.640619433298792,2.7202341195755526,2.8797012125304255,0.09037319291383028,0.00014307908713817596
main,airfoil,Ridge,1024,24.804477749302652,22.803969948540978,0.48251209986833576,0.49771637680457914,3.9247721591374356,3.7911867933659606,0.0002789529971778393,3.4685246646404266e-05
main,airfoil,CART,1024,19.25447232114716,24.08821727990541,0.598300091204548,0.46942935467060865,3.501559709620588,3.833472066156762,0.0006595570594072342,5.13358972966671e-05
main,airfoil,RandomForest,1024,15.11580719557005,18.525645858489987,0.6846437403968098,0.5919513775524448,3.055794454861429,3.3685758062220184,0.05501666897907853,0.0024839090183377266
main,airfoil,GradientBoosting,1024,2.8610199365628963,5.734922406810129,0.9403114544813029,0.8736817487596498,1.2384610857583649,1.7558540417891606,0.05159488087520003,0.0005415747873485088
main,airfoil,RHM (original),1024,16.787519062398832,18.74738598167013,0.6497673494349103,0.5870672967222186,3.2010697346137986,3.4201042702254387,0.0698112677782774,0.07991390582174063
main,airfoil,"ACGMT (top1, no-std)",1024,16.78751906239883,18.74738598167014,0.6497673494349105,0.5870672967222186,3.2010697346137973,3.4201042702254396,0.013282353058457375,0.00018126005306839943
main,airfoil,"ACGMT (top3, std)",1024,11.775357688660554,11.723289264434642,0.7543344719775238,0.7417810924678507,2.6581069757365294,2.6522228290742413,0.05681350873783231,0.00021505309268832207
main,airfoil,ACGMT (full),1024,13.390846849768181,14.067937915850457,0.7206310373752551,0.690137513634388,2.7641888669984778,2.864955174548382,0.0735834427177906,0.00012401258572936058
main,yacht,Ridge,42,94.94491025234912,64.13858081592767,0.6134765951723893,0.5683433012400796,7.102500286752909,5.741337208232515,0.0002505499869585037,3.25213186442852e-05
main,yacht,CART,42,1.030665859515855,0.7848984028857412,0.9958041302456254,0.9947175841881513,0.6654970725323742,0.5608160415207316,0.0003814762458205223,4.509417340159416e-05
main,yacht,RandomForest,42,0.7124600951902981,0.5063840105732575,0.9970995548780358,0.9965920036345023,0.532130711310536,0.4655949690122118,0.03279406810179353,0.002073479350656271
main,yacht,GradientBoosting,42,0.010352060807317596,0.13301516586613948,0.9999578564687713,0.9991047995348141,0.07097157222491342,0.19071554947865493,0.019545339047908783,0.00017360597848892212
main,yacht,RHM (original),42,91.02319133208404,60.82167737015105,0.6294420233960702,0.5906662708676487,5.916889795198927,4.177395718134753,0.007234048098325729,0.015121442265808582
main,yacht,"ACGMT (top1, no-std)",42,91.02319133208404,60.821677370151086,0.6294420233960702,0.5906662708676484,5.91688979519893,4.177395718134756,0.002363012172281742,5.863979458808899e-05
main,yacht,"ACGMT (top3, std)",42,91.02319133208404,60.821677370151086,0.6294420233960702,0.5906662708676484,5.91688979519893,4.177395718134756,0.0025438410229980946,5.77978789806366e-05
main,yacht,ACGMT (full),42,100.5419451228074,67.63368609885727,0.5906909085113723,0.544821021996366,7.24361776809281,5.703850296555085,0.0007759658619761467,3.150897100567818e-05
main,yacht,Ridge,123,93.78028321990718,82.1472905501813,0.5942301552991212,0.6278905418600601,6.8871248842720485,6.315179502631542,0.0002449899911880493,3.25213186442852e-05
main,yacht,CART,123,1.0363531257486458,0.9077766450154308,0.9955158927606967,0.9958879681456756,0.642822873942824,0.6528711616457047,0.00031395815312862396,4.003522917628288e-05
main,yacht,RandomForest,123,0.6783140974812045,0.40706827485663727,0.9970650610496883,0.9981560687617527,0.5172383849525409,0.45648347140760176,0.03251964319497347,0.0020883972756564617
main,yacht,GradientBoosting,123,0.009189384066078384,0.17990693650227313,0.9999602392441421,0.9991850604906247,0.06788157542473251,0.24199619065185052,0.019441513810306787,0.000176209956407547
main,yacht,RHM (original),123,88.48757595871004,76.73969020128271,0.6171307153068915,0.6523858018033786,5.655678544355025,4.920720716442439,0.007126056123524904,0.01506179990246892
main,yacht,"ACGMT (top1, no-std)",123,88.48757595871004,76.73969020128273,0.6171307153068915,0.6523858018033786,5.655678544355023,4.92072071644244,0.002371477894484997,5.8239325881004333e-05
main,yacht,"ACGMT (top3, std)",123,88.48757595871004,76.73969020128273,0.6171307153068915,0.6523858018033786,5.655678544355023,4.92072071644244,0.004196330904960632,5.6797172874212265e-05
main,yacht,ACGMT (full),123,99.9878442271437,90.36024094297814,0.5673711932721979,0.5906876530012126,6.934277523155385,6.560273050024485,0.0007655262015759945,3.592716529965401e-05
main,yacht,Ridge,456,97.82546897362032,47.70043505766687,0.6125536230446095,0.6440478505683005,7.130728051806997,5.54557360657478,0.0002493578940629959,3.177020698785782e-05
main,yacht,CART,456,0.9828263163174326,1.0392905505398649,0.9961074299011408,0.992244563285398,0.6733479751879312,0.7243985816949751,0.0003124559298157692,3.954395651817322e-05
main,yacht,RandomForest,456,0.7016040259772983,0.7128203658310474,0.9972212355251215,0.9946807625324694,0.5657101649228313,0.5803010816371021,0.0329740047454834,0.0020838878117501736
main,yacht,GradientBoosting,456,0.012768744382182095,0.1855991439581299,0.9999494282644279,0.9986150144302728,0.07768459685088512,0.2506732863483825,0.01938331499695778,0.0001687067560851574
main,yacht,RHM (original),456,94.733298500044,49.354922548987794,0.6248004362670295,0.6317016659259261,6.249452927581338,4.996150310326831,0.007188272196799517,0.015021033119410276
main,yacht,"ACGMT (top1, no-std)",456,94.73329850004403,49.35492254898781,0.6248004362670294,0.631701665925926,6.249452927581338,4.996150310326831,0.0023860055953264236,5.873013287782669e-05
main,yacht,"ACGMT (top3, std)",456,94.73329850004403,49.35492254898781,0.6248004362670294,0.631701665925926,6.249452927581338,4.996150310326831,0.004187203012406826,5.627516657114029e-05
main,yacht,ACGMT (full),456,100.38667107627623,49.444003903418896,0.6024097567719913,0.6310369193770592,7.341614758661519,5.679573459363971,0.0007826867513358593,3.090826794505119e-05
main,yacht,Ridge,789,84.83715639327653,131.66319295138507,0.5974711608301952,0.559872677002822,6.438089089793873,7.966405269936861,0.00025044893845915794,3.1890347599983215e-05
main,yacht,CART,789,0.85177013790845,1.7192704930469327,0.9959585863149114,0.9942527755658167,0.6023386008276893,0.8040328791892885,0.00034034810960292816,4.0877144783735275e-05
main,yacht,RandomForest,789,0.590339050035167,1.3846013935241448,0.9971990045089949,0.9953715165864544,0.48470852876917025,0.6115066817413987,0.032927889842540026,0.002122039906680584
main,yacht,GradientBoosting,789,0.011327640308295481,0.7993405769628394,0.999946253480224,0.9973279424536546,0.07681646233590438,0.3927260888710968,0.01938534900546074,0.00017767306417226791
main,yacht,RHM (original),789,80.28139423225244,122.70306901179657,0.6190869920552513,0.589824824409046,5.308092377993613,6.389675670248966,0.007307275198400021,0.015044868923723698
main,yacht,"ACGMT (top1, no-std)",789,80.28139423225247,122.70306901179653,0.6190869920552513,0.5898248244090463,5.308092377993616,6.389675670248969,0.0023755859583616257,6.511202082037926e-05
main,yacht,"ACGMT (top3, std)",789,80.28139423225247,122.70306901179653,0.6190869920552513,0.5898248244090463,5.308092377993616,6.389675670248969,0.0041876439936459064,6.154598668217659e-05
main,yacht,ACGMT (full),789,89.4828498559795,141.16237619090856,0.5754286304557475,0.5281185474230019,6.523784424288529,8.073970316464578,0.0007828078232705593,3.074808046221733e-05
main,yacht,Ridge,1024,92.5291024448976,88.55599121162471,0.5965277807255438,0.6112624525223787,6.820634111653552,6.657629356734788,0.0002425038255751133,3.248080611228943e-05
main,yacht,CART,1024,0.8886588805133957,1.6004527903342354,0.9961250119019341,0.9929744325137588,0.6392067856439054,0.6643888685100429,0.0003189891576766968,4.1377730667591095e-05
main,yacht,RandomForest,1024,0.6006171894867978,1.8744316367835478,0.9973810147945514,0.991771737322025,0.49886282405038734,0.6354996078393214,0.03266321308910847,0.0020664259791374207
main,yacht,GradientBoosting,1024,0.013093199976840468,0.8163461824703855,0.9999429072333733,0.9964164546235174,0.08090500155232298,0.3249943424265501,0.01930625131353736,0.0001666732132434845
main,yacht,RHM (original),1024,89.20190284146035,69.4792214179315,0.6110360010853745,0.6950044625426108,5.724298067014255,4.4462874819718055,0.007114012725651264,0.015105713158845901
main,yacht,"ACGMT (top1, no-std)",1024,89.20190284146034,69.4792214179315,0.6110360010853746,0.6950044625426108,5.724298067014255,4.4462874819718055,0.002381986938416958,5.993340164422989e-05
main,yacht,"ACGMT (top3, std)",1024,89.20190284146034,69.4792214179315,0.6110360010853746,0.6950044625426108,5.724298067014255,4.4462874819718055,0.0031132386066019535,5.7077035307884216e-05
main,yacht,ACGMT (full),1024,96.39044652538291,93.54251057465297,0.5796904287533524,0.5893729419301375,6.8883836279674675,6.827965200059091,0.0007861247286200523,3.0967872589826584e-05
main,friedman1,Ridge,42,6.897537988666126,6.700487924846766,0.7209980725994953,0.7280398621984729,2.0552794782198416,2.022720055872851,0.0003851517103612423,3.3972784876823425e-05
main,friedman1,CART,42,8.122996518973245,8.708794075628473,0.6714288940800168,0.6465265121797519,2.281300555852181,2.3376202319718407,0.008307692129164934,7.857708260416985e-05
main,friedman1,RandomForest,42,6.349023316022118,6.977659292524091,0.7431852140297566,0.7167900003684649,2.014207069911491,2.0843636354921684,0.5149229452945292,0.0038754488341510296
main,friedman1,GradientBoosting,42,0.8558749690721082,1.60843692401072,0.9653802898400355,0.9347165859553395,0.7355334726679894,0.9978250274189955,0.8467314019799232,0.001405044924467802
main,friedman1,RHM (original),42,6.547432785896193,6.746679281224801,0.7351596511984477,0.7261650423664385,2.007435708823392,2.033999503000303,0.15023861732333899,0.2766828746534884
main,friedman1,"ACGMT (top1, no-std)",42,6.547432785896193,6.7466792812248,0.7351596511984477,0.7261650423664385,2.007435708823392,2.0339995030003024,0.05584581382572651,0.00027818186208605766
main,friedman1,"ACGMT (top3, std)",42,3.280563168614966,3.5799317349727815,0.8673028769820978,0.8546973386291831,1.4777087497104264,1.5308072767898344,0.17690556263551116,0.0003324137069284916
main,friedman1,ACGMT (full),42,3.365929097607507,3.5835209106517967,0.8638498682763264,0.8545516607735989,1.4931488850724168,1.5304276277751465,0.29106610221788287,0.00021581491455435753
main,friedman1,Ridge,123,6.7533912588678335,6.245070294390089,0.7149928095730639,0.7404094173456861,2.0134021196426852,1.9331697665208893,0.0003938893787562847,3.3363234251737595e-05
main,friedman1,CART,123,7.956291980376577,8.814717019568718,0.6642278913477846,0.6335961936091844,2.2502535806008774,2.3589839850149366,0.008403020910918713,8.484907448291779e-05
main,friedman1,RandomForest,123,6.264025173027046,6.846867638786203,0.7356450786138319,0.7153943389066271,2.002741782478551,2.0665826672314247,0.5140081513673067,0.0038478472270071507
main,friedman1,GradientBoosting,123,0.8769794252250838,1.589057522784919,0.9629896399505317,0.9339472017502336,0.7439115817732758,1.011391632306849,0.8488407721742988,0.0013726837933063507
main,friedman1,RHM (original),123,6.06803641735458,6.285473480644693,0.7439162126957102,0.7387299668084608,1.9246489460257494,1.936723031676457,0.14434575382620096,0.2773359399288893
main,friedman1,"ACGMT (top1, no-std)",123,6.068036417354581,6.285473480644694,0.7439162126957102,0.7387299668084608,1.9246489460257494,1.9367230316764577,0.05353128304705024,0.0002956748940050602
main,friedman1,"ACGMT (top3, std)",123,3.2864524435143956,3.6179036150831814,0.8613048553690931,0.8496135890943861,1.4805722247338824,1.5420399547998362,0.19136454164981842,0.0003687622956931591
main,friedman1,ACGMT (full),123,3.3593758127554865,3.576676209062399,0.8582273371582863,0.8513273002050319,1.5086495881578004,1.55305550334406,0.28312978707253933,0.0002546468749642372
main,friedman1,Ridge,456,6.879834128833674,6.597529834773121,0.7312585411748805,0.7215456158081319,2.0514477147244965,1.9541886001405084,0.0003930269740521908,3.423402085900307e-05
main,friedman1,CART,456,8.440993253578215,9.05810733803253,0.6702762307317187,0.6176948397471813,2.3289015452376107,2.400528510209285,0.008411216083914042,8.576083928346634e-05
main,friedman1,RandomForest,456,6.640471761654165,7.142425560096679,0.740608561907802,0.6985478261135635,2.050996522303657,2.138275097246392,0.5141007746569812,0.003768688067793846
main,friedman1,GradientBoosting,456,0.882245202984901,1.5113045014869668,0.965537561160385,0.9362141021219916,0.7447976373152163,0.98944373517299,0.8463881430216134,0.0014229491353034973
main,friedman1,RHM (original),456,6.362345930330166,6.59776610229759,0.7514727688417606,0.7215356439353737,1.975145938919874,1.9758267649934007,0.12354484107345343,0.27852995973080397
main,friedman1,"ACGMT (top1, no-std)",456,6.362345930330166,6.59776610229759,0.7514727688417606,0.7215356439353737,1.9751459389198738,1.9758267649934005,0.04718061164021492,0.0002758069895207882
main,friedman1,"ACGMT (top3, std)",456,3.4070209461619294,3.8893608427040807,0.8669142653480634,0.8358462022184439,1.5099134713070366,1.5965229901099292,0.18904441082850099,0.00037428224459290504
main,friedman1,ACGMT (full),456,3.5124599447579357,3.7497277291760294,0.8627955860646496,0.8417395370898252,1.525173144367829,1.5755163311288343,0.29755370132625103,0.00019674887880682945
main,friedman1,Ridge,789,6.717093984328504,6.775832805915403,0.721309795001674,0.7271018532682219,2.0081078350143593,2.04627848898621,0.00039342790842056274,3.320211544632912e-05
main,friedman1,CART,789,8.085991664038877,8.787817135781191,0.664514642831661,0.6460687447779402,2.26599319971346,2.385184413605427,0.008343197870999575,8.404767140746117e-05
main,friedman1,RandomForest,789,6.568919189891811,7.007573532569141,0.7274575225656311,0.7177684448684647,2.0408178716444367,2.1370142178954366,0.5218091742135584,0.0038527757860720158
main,friedman1,GradientBoosting,789,0.8860367913613508,1.4841587986200966,0.9632386005619901,0.9402251801069391,0.7487643853603995,0.9681587056720196,0.8478295980021358,0.0014578551054000854
main,friedman1,RHM (original),789,6.331360737905097,6.950696546217787,0.7373137511427099,0.7200591779210015,1.9614604544592957,2.064224562186367,0.1469451398588717,0.3230540701188147
main,friedman1,"ACGMT (top1, no-std)",789,6.331360737905095,6.950696546217787,0.7373137511427099,0.7200591779210015,1.9614604544592957,2.064224562186367,0.08586477814242244,0.0004273420199751854
main,friedman1,"ACGMT (top3, std)",789,3.296216694662895,3.502547695584321,0.8632409627589364,0.8589341262774135,1.4810199447283954,1.5373628338850578,0.28603000892326236,0.000565399881452322
main,friedman1,ACGMT (full),789,3.3842768041743465,3.602960000924466,0.8595873753550414,0.854889998740431,1.4921141896929666,1.5365853547672041,0.4753986280411482,0.00034059910103678703
main,friedman1,Ridge,1024,6.754345451703481,6.622946576941054,0.7209983777479626,0.7360981459987603,2.0157329449546424,2.0416266713967954,0.0006257840432226658,5.869986489415169e-05
main,friedman1,CART,1024,7.996824472803253,9.056466005887426,0.669675319876599,0.6391306887520186,2.2762133052070204,2.3760637700980607,0.013089841231703758,0.00013249926269054413
main,friedman1,RandomForest,1024,6.069439973679968,6.818270855823792,0.7492897556208065,0.7283151390350504,1.9695930171873877,2.0502949287284173,0.8064251220785081,0.006341955158859491
main,friedman1,GradientBoosting,1024,0.8662304819279174,1.5320655735335567,0.9642186335552174,0.9389524072691947,0.7355320285014075,0.9920477344637221,1.3337552449665964,0.0022616921924054623
main,friedman1,RHM (original),1024,6.184288632290021,6.581718344978198,0.744545704210526,0.7377409505610184,1.9330660290805153,2.0217096942547896,0.2612840551882982,0.43916168296709657
main,friedman1,"ACGMT (top1, no-std)",1024,6.184288632290022,6.5817183449781975,0.7445457042105259,0.7377409505610184,1.9330660290805153,2.021709694254789,0.09420526213943958,0.00046439096331596375
main,friedman1,"ACGMT (top3, std)",1024,3.272998306900282,3.8135344395182957,0.8648023196647362,0.8480436468579695,1.4753316447944558,1.5778795666199241,0.29810275277122855,0.0005993540398776531
main,friedman1,ACGMT (full),1024,3.3776071859804584,3.811133811371857,0.8604812426375054,0.8481393037096824,1.4968665539310824,1.574281384821706,0.45123540982604027,0.0004412168636918068
